"words","class","group","rooms","comments"
"examine | inspect | investigate | look | הביטי | חקרי | בחני | הסתכלי | ראי | בדקי","IMPERATIVE_VERB","1000.0","in 001, 002, 003, 004, 005, 006, 007, 008, 009, 010, 012, 013, 014, 015, 016, 017, 018, 020, 021, 022, 023, 024, 025, 026, 027, 028, 029, 030, 031, 032, 033, 034, 035, 036, 037, 038, 041, 042, 043, 044, 045, 046, 047, 048, 049, 050, 051, 052, 053, 055, 056, 057, 058, 059, 061, 063, 065, 069, 073, 074, 075, 076, 201, 202, 203, 204, 205, 206, 207, 211, 212, 213, 217, 220, 224, 229, 230, 231, 232, 233, 235, 236, 237, 238, 239, 240, 241, 242, 244, 245, 246, 256, 257, 259, 260, 261, 262, 263, 264, 265, 266, 267, 268, 269, 270, 272, 273, 274, 276, 277, 278, 279, 280, 281, 282, 290, 378, 379, 380, 381, 382, 383, 385, 402, 403, 405, 407, 410, 413",""
"around | סביב | סביבות | באזור | ברחבי | מסביב","PREPOSITION","217.0","in 001, 002, 003, 004, 005, 006, 007, 008, 009, 010, 012, 013, 014, 015, 016, 017, 018, 020, 021, 022, 023, 024, 025, 026, 027, 028, 029, 030, 031, 032, 033, 035, 036, 038, 041, 042, 043, 044, 045, 046, 047, 048, 049, 050, 051, 052, 053, 055, 056, 057, 058, 059, 061, 063, 065, 069, 073, 074, 075, 076, 205",""
"room | חדר","NOUN","2130.0","in 001, 002, 003, 004, 005, 006, 007, 008, 009, 010, 012, 013, 014, 015, 016, 017, 018, 020, 021, 022, 023, 024, 025, 026, 027, 028, 029, 030, 031, 032, 033, 035, 036, 038, 041, 042, 043, 044, 045, 046, 047, 048, 049, 050, 051, 052, 053, 055, 056, 057, 058, 059, 061, 063, 065, 069, 073, 074, 075, 076, 205, 206",""
"at | ב | אצל","PREPOSITION","202.0","in 001, 002, 003, 004, 005, 006, 008, 009, 010, 012, 013, 014, 015, 016, 017, 018, 020, 021, 022, 023, 024, 025, 026, 027, 028, 029, 030, 031, 032, 033, 034, 035, 036, 037, 038, 041, 042, 043, 044, 045, 046, 047, 048, 049, 050, 051, 052, 053, 055, 056, 057, 058, 059, 061, 063, 065, 069, 073, 074, 075, 076, 205, 224, 246, 260, 261, 410",""
"acquire | carry | get | grab | grasp | obtain | pick | take | השיגי | קחי | אספי | טלי | אחזי | קבלי | שאי | הרימי","IMPERATIVE_VERB","1002.0","in 001, 002, 003, 004, 005, 006, 008, 009, 012, 013, 014, 016, 020, 022, 023, 025, 026, 028, 029, 031, 032, 034, 035, 036, 037, 038, 041, 042, 043, 044, 045, 046, 047, 048, 049, 050, 051, 052, 053, 055, 057, 058, 059, 061, 063, 065, 069, 073, 074, 075, 076, 201, 202, 204, 205, 213, 217, 220, 224, 229, 230, 231, 232, 233, 235, 236, 237, 238, 239, 240, 241, 246, 256, 257, 259, 261, 263, 265, 266, 268, 269, 270, 272, 273, 274, 276, 277, 278, 279, 280, 282, 378, 379, 380, 381, 382, 385, 402, 403, 407, 410",""
"move | הזיזי | הניעי | העבירי","IMPERATIVE_VERB","1010.0","in 001, 002, 003, 004, 005, 013, 016, 020, 022, 023, 031, 032, 033, 036, 037, 038, 041, 042, 043, 044, 045, 046, 048, 049, 050, 052, 053, 057, 058, 059, 061, 065, 069, 074, 075, 076, 201, 224, 229, 231, 235, 239, 240, 256, 263, 268, 273, 277, 278, 280, 407",""
"in | inside | into | ב | בתוך | בפנים | לתוך | אל תוך","PREPOSITION","206.0","in 001, 002, 003, 005, 006, 009, 012, 013, 014, 018, 020, 023, 024, 028, 031, 032, 033, 034, 035, 036, 037, 038, 041, 042, 043, 044, 045, 046, 047, 048, 049, 050, 052, 053, 057, 058, 059, 061, 065, 069, 073, 074, 075, 076, 201, 205, 206, 213, 235, 246, 256, 263, 268, 273, 276, 278, 280, 290, 407, 410",""
"capture | catch | לכדי | תפסי","IMPERATIVE_VERB","1007.0","in 001, 002, 003, 006, 008, 014, 020, 025, 029, 038, 051, 052, 055",""
"converse | hello | hi | speak | talk | שוחחי | הי | היי | שלום | הלו | דברי","IMPERATIVE_VERB","1008.0","in 001, 002, 006, 008, 016, 024, 025, 029, 038, 045, 069, 073, 074, 202, 203, 204, 217, 220, 224, 229, 230, 231, 232, 233, 235, 236, 237, 238, 239, 240, 241, 244, 245, 246, 256, 257, 259, 261, 262, 263, 264, 265, 266, 267, 268, 269, 270, 272, 273, 274, 276, 277, 278, 279, 280, 281, 282, 290, 378, 379, 380, 381, 382, 383, 385, 402, 403, 407",""
"open | פתחי | פתוח | פתוחה","PREPOSITION | IMPERATIVE_VERB","1021.0","in 001, 002, 006, 009, 012, 013, 014, 018, 020, 022, 023, 026, 031, 032, 033, 034, 035, 036, 037, 038, 041, 042, 043, 044, 045, 046, 047, 048, 049, 050, 051, 052, 053, 057, 058, 059, 061, 063, 064, 065, 069, 073, 074, 075, 076, 201, 206, 207, 246, 276, 407, 410",""
"below | beneath | under | underneath | מתחת | תחת","PREPOSITION","208.0","in 001, 003, 004, 005, 007, 012, 016, 024, 028, 031, 032, 034, 035, 036, 038, 041, 042, 043, 044, 046, 048, 058, 059, 061, 073, 074",""
"deliver | donate | give | hand | offer | present | מסרי | ספקי | תני | הביאי | תרמי | העניקי | הצעה | הציעי | מתנה | מענק | תרומה","IMPERATIVE_VERB | NOUN","1015.0","in 001, 006, 008, 016, 025, 029, 035, 038, 045, 053, 065, 069, 073, 204, 224, 229, 230, 231, 233, 235, 236, 238, 239, 246, 257, 259, 260, 261, 265, 266, 269, 270, 274, 276, 277, 279, 281, 282, 380, 381, 382, 385, 407, 410, 413",""
"feed | האכילי | הזיני","IMPERATIVE_VERB","1046.0","in 001, 006, 008, 016, 025, 029, 038, 069, 229, 239, 277",""
"hold | show | החזיקי | חכי | המתיני | התעכבי | הראי | הציגי","IMPERATIVE_VERB","1073.0","in 001, 006, 016, 025, 029, 038, 069, 073, 204, 224, 229, 231, 233, 235, 236, 238, 239, 246, 257, 259, 260, 261, 265, 266, 269, 270, 274, 276, 277, 279, 281, 282, 380, 381, 382, 385, 407, 410, 413",""
"pat | pet | stroke | לטפי |","IMPERATIVE_VERB","1048.0","in 001, 008, 016, 038, 069, 229, 239, 277",""
"kill | murder | slay | רצחי | הרגי | שחטי | קטלי | חסלי | רצח | הרג | שחיטה | חיסול","IMPERATIVE_VERB | NOUN","1012.0","in 001, 008, 023, 038, 051, 052, 055, 069, 073, 204, 224, 229, 231, 233, 235, 238, 239, 246, 256, 257, 261, 263, 265, 268, 269, 273, 274, 276, 277, 278, 279, 280, 282, 290, 380, 381, 382, 385, 407",""
"kiss | נשקי","IMPERATIVE_VERB","1045.0","in 001, 008, 023, 038, 069, 073, 204, 224, 229, 231, 233, 235, 238, 239, 246, 256, 257, 261, 263, 265, 268, 269, 273, 274, 276, 277, 278, 279, 280, 282, 380, 381, 382, 385",""
"alligator | croc | crocodile | gator | תנין | קרוקודיל | תמסח | אליגטור","NOUN","2320.0","in 001, 008, 031, 205, 405",""
"box | crate | קופסה | קרטון | קופסא | קופסאות | קרטונים","NOUN","2175.0","in 001, 020, 026, 041, 061, 075, 076, 410",""
"dock | pier | רציף | מזח | נמל | מעגן","NOUN","2037.0","in 001, 028, 063",""
"frog | toad | צפרדע | קרפדה","NOUN","2076.0","in 001, 205",""
"turtle | צב","NOUN","2379.0","in 001, 205",""
"hit | kick | punch | slap | slug | strike | הכי | הרביצי | החטיפי | חבטי | פגעי | בעטי | כסחי | סטרי | תקפי","IMPERATIVE_VERB","1056.0","in 001, 224, 407",""
"follow | עקבי","IMPERATIVE_VERB","1051.0","in 002",""
"crypt | tomb | קבר","NOUN","2053.0","in 002",""
"ghost | spectre | spirit | רוח | רוח רפאים | נשמה | נפש","NOUN","2342.0","in 002",""
"climb | scale | טפסי | עלי","IMPERATIVE_VERB","1029.0","in 002, 003, 004, 005, 006, 007, 009, 010, 012, 013, 014, 023, 024, 044, 046, 051, 052, 061, 065, 069, 205, 206, 207, 407",""
"fence | גדר","NOUN","2063.0","in 002, 003, 004, 005, 006, 009, 010, 012, 013, 207",""
"path | walkway | דרך | נתיב | מסלול | משעול | מדרכה | טיילת","NOUN","2092.0","in 002, 003, 004, 005, 006, 009, 010, 012, 014, 018, 020, 021, 022, 023, 024, 028, 029",""
"archway | gate | gateway | opening | קשת | שער| פתח","NOUN","2119.0","in 002, 003, 004, 006, 009, 013, 018, 026, 032, 033, 042, 052, 065, 069, 201, 207",""
"press | push | shove | לחצי | דחפי | הדפי | דחקי","IMPERATIVE_VERB","1039.0","in 002, 004, 005, 013, 014, 020, 022, 023, 033, 037, 038, 041, 042, 043, 049, 050, 058, 065, 069, 201, 231, 235, 240, 256, 263, 268, 273, 278, 280, 407",""
"door | doorway | דלת","NOUN","2026.0","in 002, 004, 006, 009, 012, 013, 014, 016, 020, 022, 023, 028, 031, 032, 033, 034, 035, 036, 038, 041, 042, 043, 044, 045, 046, 047, 048, 049, 050, 052, 057, 058, 061, 063, 064, 069, 073, 074, 206, 407",""
"monument | nymph | satyr | statue | אנדרטה | מונומנט | נימפה | סטיר | סאטיר | אל יער | פסל | פסלון","NOUN","2052.0","in 002, 004, 021, 022, 023, 028, 038, 043, 058, 065",""
" bang | knock | rap | tap | פוצצי | דפקי | הקישי | טפחי | נקשי","IMPERATIVE_VERB","1026.0","in 002, 006, 009, 012, 014, 016, 047, 074, 206",""
" break | shatter | smash | שברי  | רסקי | נפצי | נתצי | מחצי | מעכי","IMPERATIVE_VERB","1027.0","in 002, 006, 009, 013, 014, 020, 031, 033, 052, 057, 058, 059, 061, 069, 206",""
"force | pry | אלצי | הכריחי | כפי | כפתי | חטטי | חלצי","IMPERATIVE_VERB","1083.0","in 002, 006, 047, 052, 057, 058, 065",""
"down  | למטה | מטה","ADVERB","323.0","in 002, 007, 016, 023, 024, 025, 032, 033, 034, 036, 042, 043, 044, 046, 047, 048, 049, 050, 052, 057, 058, 059, 061, 065, 069, 074, 201, 212, 242, 280",""
"grave | plot | עלילה | מזימה | קנוניה","NOUN","2050.0","in 002, 009",""
"gravestone | headstone | tombstone | מצבה","NOUN","2051.0","in 002, 009",""
"epitaph | inscription | word | writing | כתובת | הקדשה | כיתוב | חריטה | רישום | מילה | כתיבה | כתב","NOUN","2193.0","in 002, 009",""
"find | locate | מצאי | אתרי","IMPERATIVE_VERB","1052.0","in 002, 009, 015, 031, 046, 052, 065, 074, 235, 413",""
"read | study | קראי | למדי | קריאה | לימוד | עייני","IMPERATIVE_VERB | NOUN","1037.0","in 002, 009, 016, 028, 032, 033, 037, 048, 057, 058, 073, 075, 206, 220, 257, 276, 402, 410",""
"close | shut | סגרי | טרקי | סתמי | אטמי","IMPERATIVE_VERB","1022.0","in 002, 009, 018, 026, 031, 032, 033, 034, 037, 041, 044, 045, 046, 047, 048, 049, 050, 051, 052, 057, 058, 065, 069, 074, 076, 201, 207, 407, 410",""
"unbar | unlatch | unlock | פרצי | שחררי","IMPERATIVE_VERB","1023.0","in 002, 012, 014, 031, 033, 052, 057, 074, 201, 407",""
"chapel | church | כנסייה | כנסיה | קאפלה | קפלה","NOUN","2067.0","in 002, 013, 014",""
"dirt | earth | floor | ground | land | אדמה | רצפה | קרקע | עפר | חול | אבק | ארץ | קרקעית","NOUN","2005.0","in 002, 024, 025, 032, 033, 036, 042, 043, 046, 047, 048, 049, 050, 052, 057, 058, 059, 061, 069, 074, 212, 229, 242, 280",""
"ring | טבעת | צלצלי","NOUN | IMPERATIVE_VERB","1086.0","in 003",""
"ladder | סולם","NOUN","2153.0","in 003",""
"bell | פעמון","NOUN","2246.0","in 003",""
"bat | עטלף | מחבט","NOUN","2416.0","in 003",""
"field | שדה | שדות","NOUN","2239.0","in 003, 004, 005, 006, 009",""
"drag | pull | גררי | סחבי | משכי| שלפי","IMPERATIVE_VERB","1016.0","in 003, 004, 005, 023, 033, 037, 041, 043, 049, 050, 052, 053, 058, 065, 073, 074, 201, 235, 239, 256, 263, 268, 273, 277, 278, 280, 407",""
"cane | מקל","NOUN","2297.0","in 003, 009, 049, 050, 057, 058, 069",""
"up | למעלה","ADVERB","322.0","in 003, 010, 012, 015, 016, 017, 024, 032, 034, 041, 044, 047, 051, 052, 056, 057, 058, 059, 061, 069, 074, 201",""
"search | חפשי | סרקי","IMPERATIVE_VERB","1001.0","in 003, 012, 023, 041, 042, 043, 044, 052, 059, 061, 069, 074, 076, 235, 256, 263, 268, 273, 278, 280",""
"tower | מגדל","NOUN","2068.0","in 003, 014",""
"hemp | rope | חבל | קנבוס","NOUN","2191.0","in 003, 014, 023",""
"use | השתמשי | היעזרי | נצלי | משתמשת | נעזר | נעזרת | מנצל | מנצלת | להשתמש | להיעזר | לנצל","INDICATIVE_VERB","421.0","in 003, 016, 025, 038, 050, 052, 053, 057, 058, 069, 073, 074, 201, 407, 410",""
"control | crank | lever | בקרה | שליטה | כננת | ארכובה  | מנוף | דוושה | לוח-בקרה","NOUN","2017.0","in 003, 023, 052, 065, 201",""
"with | עם","ASSOCIATION","152.0","in 003, 025, 038, 074, 204, 246, 381, 382, 385",""
"oil | שמן | נפט | דלק | שמני","NOUN | IMPERATIVE_VERB","2156.0","in 003, 026, 065, 410",""
"attach | insert | place | put | set | stick | חברי  | הצמידי | קשרי | צרפי |  הוסיפי | הכניסי | החדירי | תחבי | שימי | הניחי | מקום | הגדירי | קבעי | סדרי | ארגני | ערכה | תקעי","IMPERATIVE_VERB | NOUN","1032.0","in 003, 041, 042, 044, 052, 058, 065, 069, 074, 076, 201, 290, 410",""
"can | oilcan | פחית  | פך | יכול | יכולה | אפשר | מסוגל | מסוגלת","NOUN | INDICATIVE_VERB","408.0","in 003, 061, 073, 410",""
"rose | ורד | שושנה","NOUN","2203.0","in 004, 005",""
"arbor | סוכה","NOUN","2233.0","in 004, 005",""
"sit | שבי","IMPERATIVE_VERB","1053.0","in 004, 005, 006, 014, 023, 038, 042, 053, 058, 059, 061, 073, 407",""
"bush | hedge | shrub | shrubbery | שיח | גדר חיה | שיחים","NOUN","2008.0","in 004, 005, 024, 065, 205",""
"bench | pew | seat | ספסל | מושב","NOUN","2322.0","in 004, 005, 036, 058, 073",""
" smell | sniff | הריחי | רחרחי | הסניפי","IMPERATIVE_VERB","1082.0","in 004, 005, 046, 049, 050, 407",""
" foliage | plant | vine | עלווה | עליה | צמחייה | צמח | שתיל | עציץ | גפן | מטפס | שרך","NOUN","2009.0","in 004, 005, 046, 205",""
"gallery | porch | veranda | גלריה | יציע | מרפסת | אכסדרה","NOUN","2023.0","in 004, 006, 009, 021, 022, 028, 206",""
"garden | park | גן | גינה | פארק | חצר","NOUN","2103.0","in 004, 018, 024",""
"rotate | swivel | turn | twist | unscrew | סובבי | הפני | עוותי | פתלי | הבריגי","IMPERATIVE_VERB","1025.0","in 004, 022, 023, 031, 032, 033, 037, 038, 047, 048, 052, 053, 057, 065, 073, 074, 206, 242, 410",""
"column | pillar | עמוד","NOUN","2046.0","in 004, 206",""
"boulder | rock | stone | סלע | אבן","NOUN","2003.0","in 005, 006, 014, 018, 051, 242",""
"oak | tree | wood | עץ | אלון | אילן | קרש","NOUN","2011.0","in 005, 007, 042, 059, 205",""
"stepping | צועדת | דורך | דורכת | מהלך | מהלכת | מתהלך | מתהלכת | הולכת","ADJECTIVE","566.0","in 005, 014, 018",""
"urn | כד","NOUN","2096.0","in 005, 034, 065",""
"pedestal | מעמד | הדום","NOUN","2144.0","in 005, 043, 065",""
"base | בסיס | תחתית","NOUN","2384.0","in 005, 065",""
"rocking | התנדנדי | נדנדי | התנענעי | נענעי | טלטלי","NOUN | IMPERATIVE_VERB","2168.0","in 006",""
"rocker | כיסא","NOUN","2169.0","in 006",""
"coop | כלוב | לול","NOUN","2328.0","in 006",""
"chicken | hen | rooster | תרנגולת | תרנגול | עוף | אפרוח | פרגית","NOUN","2329.0","in 006",""
"through | בעד | מבעד | לאורך","PREPOSITION","212.0","in 006, 009, 013, 014, 018, 020, 044, 046, 049, 050, 058, 059, 061, 074, 206",""
"window | חלון | אשנב | צוהר","NOUN","2031.0","in 006, 009, 013, 014, 020, 046, 057, 058, 059, 061, 063, 069, 074, 075, 076, 206",""
"cabin | cottage | dwelling | home | house | manor | manor-house | shack | תא | בית | מבנה | צריף | בקתה | מעון | דירה","NOUN","2024.0","in 006, 012, 014, 018, 020, 021, 023, 025, 026, 027, 029, 045, 063, 206",""
"detach | remove | הסירי | הפרידי | סלקי | הרחיקי","IMPERATIVE_VERB","1042.0","in 006, 028, 041, 047, 052, 057, 065, 069, 073, 410",""
"chair | כסא","NOUN","2108.0","in 006, 032, 035, 048, 053, 059, 063, 073",""
"celie | cook | סילי | טבחית | בשלנית | שפית","NOUN","2228.0","in 006, 035, 059, 229, 236, 262, 266, 279",""
"necklace | שרשרת | מחרוזת | תליון | ענק | תכשיט","NOUN","2061.0","in 006, 235, 236, 266",""
"across | לאורך | ממול | מול | לרוחב","PREPOSITION","210.0","in 007",""
"bridge | גשר","NOUN","2088.0","in 007",""
"hop | jump | leap | קפצי | נתרי | דלגי | זנקי","IMPERATIVE_VERB","1019.0","in 007, 009, 013, 023, 028, 034, 044, 046, 205, 407",""
"cross | צלב | חצי | עברי | צלחי | הצליבי","NOUN | IMPERATIVE_VERB","1098.0","in 007, 009, 058, 205",""
"go | לכי | סעי | זוזי | הולך | יוצא | יוצאת | נוסע | נוסעת | זז | זזה | ללכת | לצאת | ליסוע | לזוז","INDICATIVE_VERB","411.0","in 007, 012, 013, 014, 023, 028, 034, 044, 046, 052, 053, 059, 061, 065, 069, 073, 074, 201, 205, 246",""
"above | over | ממעל","PREPOSITION","211.0","in 007, 013, 031",""
"on | upon | מעל | על","ASSOCIATION","203.0","in 007, 014, 033, 037, 044, 065, 069, 073, 074, 076, 206, 410","אני חייב שיהיה פה ""על"" שהינו תפוס בabout
תזכורת לצביקה: PREPOSITION"
"water | מים","NOUN","2000.0","in 007, 028, 052, 053, 065, 069, 073, 407","ochoen7@gmail.com - נושא ה'על' פתור, נכון?"
"brook | river | stream | נחל | נהר | זרם | פלג | אפיק | שצף","NOUN","2002.0","in 007, 028, 205",""
"log | בול עץ | יומן","NOUN","2032.0","in 007, 032, 034, 042, 059",""
"sugar | סוכר","NOUN","2349.0","in 009",""
"stair | staircase | stairway | step | מדרגה | מדרגות | גרם מדרגות | דרגה","NOUN","2069.0","in 009, 010, 012, 015, 016, 017, 024, 051, 053, 056, 057, 065, 074, 211, 212",""
"behind | מאחורי | מאחורה | מאחור | אחרי | אחר","PREPOSITION","213.0","in 009, 012, 032, 033, 034, 036, 038, 042, 043, 044, 046, 048, 073, 074",""
"blind | shutter | עיוור | סומא | עיוורת | תריס | תריסים","NOUN","2256.0","in 009, 041, 042, 045",""
"cemetery | graveyard | בית קברות | בית עלמין | בית הקברות | בית העלמין","NOUN","2049.0","in 009, 058",""
"enter | כנסי | הכנסי","IMPERATIVE_VERB","1005.0","in 012, 013, 023, 028, 034, 044, 052, 061, 065, 069, 074, 201, 205",""
"beauregard | bloodhound | cur | dog | hound | mongrel | mutt | בורגארד | כלב ציד | כלב גישוש | כלב | כלבלב | בן כלאיים | בן תערובת","NOUN","2140.0","in 012, 016, 023, 035, 229, 239, 277",""
"ignite | light | הציתי | הדליקי | הבעירי | האירי | אור | אש | תאורה | הבהירי","IMPERATIVE_VERB | NOUN","1062.0","in 012, 016, 028, 058, 069, 206, 410",""
"basement | cellar | מרתף | מחסן","NOUN","2018.0","in 012, 023",""
"doghouse | מלונה","NOUN","2222.0","in 012, 023",""
"dish | צלחת | כלי | מגש | מאכל | מנה | תבשיל | קערה","NOUN","2149.0","in 012, 035, 229, 239",""
"bale | hay | חבילה | צרור | חציר | שחת | קש | מספוא","NOUN","2237.0","in 013, 069",""
"swing | הניפי | נדנדי | נענעי | נדנדה","NOUN | IMPERATIVE_VERB","1087.0","in 014",""
"squirrel | סנאי | סנאית","NOUN","2382.0","in 014, 020",""
"playhouse | בית-בובות | תיאטרון | תאטרון","NOUN","2324.0","in 014, 021, 027, 063",""
"chop | cut | hack | lop | sever | slice | חתכי | קצצי | גזרי | חטבי | כרתי | נתקי | קטעי | גדעי | קטמי | ערפי | פרסי","IMPERATIVE_VERB","1028.0","in 014, 023",""
"untie | התירי","IMPERATIVE_VERB","1105.0","in 014, 023",""
"body | corpse | גופה | גוויה | גופות","NOUN","2314.0","in 015, 023, 046, 052",""
"gertie | gertrude | גרטי | גרטרוד","NOUN","2300.0","in 015, 036, 038, 046, 217, 224, 233, 235, 236, 237, 241, 245, 259, 264, 402, 403",""
"what | מה | איזה | איך | כמה","ADVERB","304.0","in 016",""
"big | high | huge | large | tall | גדול | גדולה | גבוה | גבוהה | ענק | ענקית | עצום | עצומה | כביר | כבירה | אדיר | אדירה | זקוף | זקופה | תמיר | תמירה","ADJECTIVE","519.0","in 016",""
"calm | hush | placate | quiet | soothe | tame | הרגעי | הרגיעי | השתיקי |  השקיטי | פייסי | רצי | שככי | שתקי | רסני | אלפי","IMPERATIVE_VERB","1074.0","in 016",""
"doormat | mat | מחצלת | שטיחון","NOUN","2227.0","in 016",""
"doorknocker | knocker | מקוש | מרתוק","NOUN","2318.0","in 016",""
"lift | raise | העלי | הקימי","IMPERATIVE_VERB | NOUN","1081.0","in 016, 023, 032, 041, 042, 057, 058, 065, 201",""
"drop | הטילי | הפילי","IMPERATIVE_VERB","1043.0","in 016, 023, 058, 239, 407, 410",""
"letter | note | paper | מכתב | מעטפה | פתק | נייר | דף | אגרת | כתב | הערה | הודעה","NOUN","2223.0","in 016, 037",""
"drive | driveway | סעי | נהגי | כביש | חניה | חנייה","IMPERATIVE_VERB | NOUN","2014.0","in 020, 025, 026",""
"buggy | carriage | coach | כרכרה | עגלה | מרכבה | קרון","NOUN","2082.0","in 020, 061",""
"lamp | מנורה","NOUN","2326.0","in 021, 022, 023, 033, 053, 069, 074",""
"little | minature | small | tiny | קטן | קטנה | זעיר | זעירה | פצפון | פצפונת | מיניאטורי | מיניאטורית | קטנטן | קטנטנה","ADJECTIVE","518.0","in 021, 034, 063",""
"play | שחקי | נגני | מחזה | הצגה","NOUN | IMPERATIVE_VERB","1013.0","in 021, 036, 045, 063, 282",""
" wind | רוח | סופה | סערה | נשפי","NOUN | IMPERATIVE_VERB","1085.0","in 023",""
"unwind | רפי | הרפי","IMPERATIVE_VERB","1106.0","in 023",""
"let | אפשרי | הרשי","IMPERATIVE_VERB","1113.0","in 023",""
"release | הוציאי | שחררי","IMPERATIVE_VERB","1114.0","in 023",""
"bucket | pail | דלי | סל","NOUN","2038.0","in 023",""
"well | באר","NOUN","2229.0","in 023",""
"actress | gloria | שחקנית | גלוריה","NOUN","2304.0","in 023, 036, 232, 233, 245, 263, 264, 403",""
"handle | קת","NOUN","2343.0","in 023, 037, 052, 053, 065, 201",""
"lower | הנמיכי | הורידי","IMPERATIVE_VERB","1097.0","in 023, 041, 057",""
"embrace | hug | אמצי | חבקי","IMPERATIVE_VERB","1077.0","in 023, 073, 204, 224, 231, 233, 235, 238, 246, 256, 257, 261, 263, 265, 268, 269, 273, 274, 276, 277, 278, 279, 280, 282, 380, 381, 382, 385",""
"boa | צעיף","NOUN","2310.0","in 023, 223, 232, 233, 249, 258, 263",""
"help | עזרי | סייעי | עזרה | סיוע | הושיעי | הועילי","NOUN | IMPERATIVE_VERB","2125.0","in 023, 229, 235, 256, 263, 268, 273, 278, 280",""
"gazebo | סוכה | ביתן | סוככה | סככה | בית קיץ","NOUN","2219.0","in 024, 029, 030",""
"attorney | clarence | lawyer | עורך דין | קלארנס | פרקליט | נוטריון | קלרנס","NOUN","2306.0","in 024, 036, 203, 217, 237, 245, 259, 260, 272, 276, 278, 378, 384",""
"ceiling | roof | תקרה | גג | תיקרה","NOUN","2230.0","in 024, 047, 052, 057, 058, 059, 061, 069, 212",""
"barn | stable | stall | אסם | רפת | חווה | אורווה","NOUN","2209.0","in 025",""
"bird | eagle | ציפור | נשר | עוף | עיט | נץ","NOUN","2012.0","in 025, 028, 031, 047",""
"monocle | מונוקול | משקף","NOUN","2212.0","in 025, 038, 050, 073, 074, 256, 410",""
"bootprint | footprint | טביעת רגל | טביעות רגל | עקבות","NOUN","2218.0","in 025, 050, 382, 407",""
"pin | סיכה | פין | יתד | מערוך","NOUN","2215.0","in 025, 236",""
"rolling | מערוך","NOUN","2216.0","in 025, 236",""
"mansion | ארמון | טירה | אחוזה","NOUN","2389.0","in 027, 029, 206",""
"sign | סימן | שלט | תמרור | אות","NOUN","2401.0","in 028",""
"chimney | ארובה","NOUN","2412.0","in 028",""
"smoke | עשני | עשן","NOUN | IMPERATIVE_VERB","2277.0","in 028, 042, 046, 232, 233, 410",""
"wade | דשדשי | בוססי | השתכשכי | פלסי","IMPERATIVE_VERB","1020.0","in 028, 065, 205",""
"bathe | float | splash | swim | התרחצי | התקלחי | טבלי | התרטבי | צופי | שוטי | שחי | התפלשי | התיזי | השפריצי","IMPERATIVE_VERB","1004.0","in 028, 205",""
"dive | plunge | צללי","IMPERATIVE_VERB","1018.0","in 028, 205",""
"owl | ינשוף | תנשמת | אוח | לילית | כוס","NOUN","2336.0","in 029",""
"boomerang | בומרנג","NOUN","2019.0","in 031",""
"cutlass | חרב | מצ'טה","NOUN","2030.0","in 031",""
"crossbow | קשת | חץ וקשת","NOUN","2035.0","in 031",""
"mace | אלה | שרביט","NOUN","2041.0","in 031",""
"spear | חנית | רומח | כידון","NOUN","2042.0","in 031",""
"case |  תיבה","NOUN","2057.0","in 031","חשוב לי שגם פה יהיה כתוב ""תיבה""
צ: טופל. צריך לוודא, פה, ובחדר השני, שהכל בסדר"
"weapon | נשק | כלי נשק","NOUN","2073.0","in 031",""
"rifle | רובה | רובים","NOUN","2080.0","in 031",""
"globe | גלובוס | כדור הארץ","NOUN","2274.0","in 031",""
"rhino | קרנף","NOUN","2321.0","in 031",""
"steel | פלדה | מתכת | ברזל","NOUN","2364.0","in 031",""
"antique | ענתיקה | עתיק | עתיקה | עתיקות","NOUN","2365.0","in 031",""
"australian | אוסטרלי | אוסטרלית","NOUN","2366.0","in 031",""
"feathered | מנוצה | נוצתי | נוצי","NOUN","2367.0","in 031",""
"armoire | cabinet | cupboard | hutch | wardrobe | ארונית | מזווה | מזנון | ארון","NOUN","2154.0","in 031, 033, 034, 035, 036, 041, 042, 043, 045, 047, 049, 050, 073, 074, 246",""
"drawer | מגירה","NOUN","2137.0","in 031, 033, 041, 042, 043, 044, 045, 046, 048, 059",""
"ax | axe | hatchet | tomahawk | גרזן | מכוש","NOUN","2034.0","in 031, 037",""
" glass | shard | זכוכית | כוס | כוסית | שבר | רסיס","NOUN","2160.0","in 031, 038, 045, 057, 074, 202, 204, 217, 230, 238, 241, 259, 272, 273, 378, 379",""
"mantel | mantelpiece | mantle  | מדף | אדן | אדן האח","NOUN","2251.0","in 031, 042, 044, 213",""
"top | ראש | גג | צמרת | פסגה | קדקוד","NOUN","2194.0","in 031, 048",""
"desk | מכתבה | דלפק","NOUN","2072.0","in 031, 048, 276",""
"spin | סחררי | הסתובבי | הסתחררי","IMPERATIVE_VERB","1033.0","in 031, 065",""
"feel | reach | touch | הרגישי | חושי | געי | הגיעי | מששי | גששי","IMPERATIVE_VERB","1096.0","in 031, 065, 069",""
"fireplace | hearth | אח | קמין | מוקד | מדורה","NOUN","2145.0","in 031, 213",""
"pearl | pearlhandled | פנינה | פנינים | קת פנינים","NOUN","2368.0","in 031, 235",""
"head | ראש | קדקוד | גולגולת | מוח | קרקפת","NOUN","2081.0","in 031, 268",""
"dagger | knife | פגיון | סכין | אולר","NOUN","2040.0","in 031, 278",""
"derringer | gun | pistol | דרינגר | אקדח","NOUN","2078.0","in 031, 280, 290, 410",""
"more | some | עוד | יותר | קצת | כמה | מעט","ADJECTIVE","557.0","in 032",""
"racehorse | סוס מירוץ | סוס מירוצים | סוס מרוץ | סוס מרוצים","NOUN","2385.0","in 032",""
"mirror | מראה","NOUN","2138.0","in 032, 033, 034, 037, 042, 044, 050, 059, 073, 074, 246",""
"reflection | השתקפות | בבואה","NOUN","2363.0","in 032, 033, 034, 042, 044, 059, 073, 074, 246",""
"hidden | secret | חבוי | נסתר | טמון | צפון | מוסתר | סמוי | גלום | גנוז | כמוס | מוחבא | מחבוא | סוד | סודי | מסתור | מטמון | חשאי","NOUN","2182.0","in 032, 033, 036, 038, 042, 043, 044, 046, 047, 048, 052",""
"nightstand | table | שולחן","NOUN","2107.0","in 032, 034, 035, 036, 042, 044, 046, 048, 053, 059, 061, 063, 074",""
"bookcase | bookshelf | כוננית | כוננית ספרים","NOUN","2183.0","in 032, 036",""
"eye | עין","NOUN","2159.0","in 032, 036, 038, 042, 044, 046, 048, 049, 050, 242",""
"panel | פאנל | פנל | לוחית | חלונית","NOUN","2066.0","in 032, 036, 038, 042, 044, 046, 048, 052, 212",""
"painting | picture | portrait | ציור | תמונה | דיוקן | צילום | תצלום","NOUN","2062.0","in 032, 036, 038, 044, 046, 048, 049, 050, 059",""
"elevator | מעלית","NOUN","2001.0","in 032, 042, 076, 201",""
"straighten | ישרי | סדרי | ארגני","IMPERATIVE_VERB","1110.0","in 032, 046, 048",""
"page | עמוד | דף | גליון","NOUN","2048.0","in 032, 048, 410",""
"poker | פוקר | מחתה | מוט-גחלים","NOUN","2089.0","in 032, 052, 057, 058",""
"shaft | stem | קנה | ציר | צינור","NOUN","2091.0","in 032, 065, 201",""
"fire | אש | שריפה | דלקה | להבה","NOUN","2127.0","in 032, 213",""
"magazine | מגזין | שבועון | ירחון | כתב עת | עיתון","NOUN","2128.0","in 032, 220, 402",""
"book | ספר","NOUN","2400.0","in 032, 257",""
"feather | נוצה | נוצות","NOUN","2101.0","in 032, 269, 382",""
"time | זמן | שעה | עת | תקופה | תאריך | מועד","NOUN","2235.0","in 033",""
"pendulum | מטוטלת","NOUN","2362.0","in 033",""
"clock | שעון | אורלוגין","NOUN","2234.0","in 033, 037, 049",""
"curtain | drape | shade | וילון | מסך | צללית | צל","NOUN","2255.0","in 033, 041, 043, 045, 046, 047, 059, 073, 074",""
"front | חזית | קדימה | קדמי | לפני | ראשי | מקדימה","PREPOSITION | NOUN | IMPERATIVE_VERB","216.0","in 033, 058",""
"hear | listen | הקשיבי | האזיני | שמעי","IMPERATIVE_VERB","1091.0","in 033, 074, 202, 217, 220, 224, 230, 231, 232, 233, 236, 237, 238, 240, 241, 242, 244, 245, 246, 257, 259, 261, 262, 264, 265, 266, 267, 269, 270, 272, 274, 276, 277, 378, 379, 382, 383, 402, 403, 407",""
"drink | שתי | לגמי | גמעי | שתיה | משקה | כוס","NOUN | IMPERATIVE_VERB","1003.0","in 034, 035, 038, 045, 053, 065, 069, 073, 074, 202, 204, 205, 217, 230, 238, 241, 259, 272, 273, 378, 379",""
"pour | מזגי | צקי | שפכי","IMPERATIVE_VERB","1107.0","in 034, 035, 038, 074",""
"coffee | קפה","NOUN","2247.0","in 034, 035, 403",""
"cup | כוס | ספל | גביע","NOUN","2276.0","in 034, 035, 403",""
"stand | עמדי | התייצבי | עמדה | מעמד | דוכן |  מעמיד | קומי","NOUN | IMPERATIVE_VERB","1079.0","in 034, 038, 044, 059",""
"crawl | creep | זחלי | הזדחלי | התגנבי | השתכרי | השתרבבי","IMPERATIVE_VERB","1075.0","in 034, 044",""
"chute | מצנח | פיר | מדרון | מגלשה | מגלש","NOUN","2315.0","in 034, 044, 052",""
"chandelier | נברשת","NOUN","2267.0","in 034, 047",""
"dining | סועדים | אוכלים | זוללים | סועד | אוכל | זולל | סועדת | אוכלת | זוללת","ADJECTIVE","533.0","in 034, 050",""
"freezer | icebox | refrigerator | פריזר | מקפיא | תא הקפאה | מקרר | תיבת קרח","NOUN","2097.0","in 035",""
"butterchurn | churn | חמאה | מחבצה","NOUN","2099.0","in 035",""
"ask | שאלי | הקשי | בקשי | דרשי | הזמיני","IMPERATIVE_VERB","1099.0","in 035, 036, 053, 059, 069, 073, 204, 217, 224, 230, 231, 232, 233, 235, 236, 237, 238, 239, 246, 257, 259, 260, 261, 265, 269, 270, 274, 276, 277, 279, 281, 282, 380, 381, 382, 385, 407, 410",""
"tell | ספרי | אמרי | הגידי | מספר | מספרת | מדבר | מדברת | אומר | אומרת | לספר | לדבר | להגיד | לומר","INDICATIVE_VERB","420.0","in 035, 036, 069, 073, 204, 224, 231, 233, 235, 236, 237, 238, 239, 241, 245, 246, 257, 259, 260, 261, 264, 265, 269, 270, 274, 276, 277, 279, 281, 282, 380, 381, 382, 385, 402, 403, 407, 410, 413",""
"about | בקשר | בנוגע | אודות | לגבי| בעניין | בנושא | על","ASSOCIATION","155.0","in 035, 036, 069, 204, 217, 224, 230, 231, 232, 233, 236, 237, 238, 241, 245, 246, 259, 260, 261, 264, 269, 274, 276, 277, 279, 282, 380, 381, 382, 385, 402, 403, 407, 413",""
"barstool | stool | שרפרף | הדום | מושב | ספסל","NOUN","2100.0","in 035, 038",""
"carpet | rug | שטיח | מחצלת | מרבד","NOUN","2110.0","in 035, 048, 053, 059, 074",""
"bone | soupbone | עצם | עצם מרק","NOUN","2121.0","in 035, 051, 229, 239, 277",""
"scrub | wash | קרצפי | שפשפי | רחצי | נקי | צחצחי | הדיחי | כבסי","IMPERATIVE_VERB | NOUN","1068.0","in 035, 052, 053, 073, 229",""
"from | מתוך | מאת | מן | מין | מ","PREPOSITION","201.0","in 035, 052, 239, 410",""
"for | עבור | אל | בשביל | למען | בגין","ASSOCIATION","154.0","in 035, 053, 059, 407, 410, 413",""
"sink | כיור","NOUN","2244.0","in 035, 053, 073",""
"back | חזרי | חזור | חזרה | אחורה | אחור | אחורי | גב | אחורנית | גבי | תמכי","PREPOSITION | NOUN | IMPERATIVE_VERB","215.0","in 035, 058, 239",""
"oven | stove | woodstove | תנור | כירה | כיריים | כבשן | קמין","NOUN","2106.0","in 035, 059",""
"caldron | cauldron | pot | קדירה | קדרה | סיר | קלחת | יורה | קומקום","NOUN","2151.0","in 035, 059",""
"pan | מחבת | תבנית","NOUN","2390.0","in 035, 059",""
"lil | lill | lillian | lilly | ליל | לילי | ליליאן","NOUN","2098.0","in 035, 073, 230, 236, 257, 264, 265, 270, 274, 280, 282",""
"to | אל | עד | ל | לעבר | כלפי","PREPOSITION","200.0","in 036",""
"ball | כדור","NOUN","2077.0","in 036",""
"cue | מקל ביליארד","NOUN","2157.0","in 036",""
"piano | פסנתר","NOUN","2161.0","in 036",""
"guitar | harp | instrument | lyre | trombone | trumpet | גיטרה | נבל | טרומבון | חצוצרה | כליזמר","NOUN","2214.0","in 036",""
"rack | מתלה","NOUN","2238.0","in 036",""
"girl | lady | maiden | woman | ילדה | אישה | בחורה | גברת | משרתת | נערה | עלמה | אשה","NOUN","2105.0","in 036, 038, 044, 048, 230, 236, 407",""
"billiard | pool | ביליארד | בריכה","NOUN","2102.0","in 036, 049, 206",""
"boat | minnow | model | rowboat | ship | סירה | ספינה | אניה | אוניה | דגיג | דגיגון | דג | דגם | סירת משוטים","NOUN","2112.0","in 036, 061",""
"gramophone | phono | phonograph | victrola | גרמופון | פטיפון | פונוגרף | ויקטרולה","NOUN","2250.0","in 036, 074",""
"player | נגן","NOUN","2399.0","in 036, 074",""
"record | song | תקליט | שיר | זמר | ניגון | נעימה | שירה | נגינה","NOUN","2361.0","in 036, 074, 382, 410",""
"rudolph | rudy | רודולף | רודי","NOUN","2272.0","in 036, 232, 241, 259, 277, 281, 290, 379, 385, 403",""
"game | משחק | שעשוע","NOUN","2280.0","in 036, 407",""
"armor | armour | knight | lancelot | שריון | מגן | אביר","NOUN","2116.0","in 037",""
"battle | מלחמה | מאבק | קרב | לחימה | מערכה","NOUN","2122.0","in 037",""
"helmet | קסדה | כובע | קובע","NOUN","2360.0","in 037",""
"cloth | clothes | rag | suit | בגד | בגדים | בד | בדים | אריג | אריגים | מטלית | סמרטוט | סחבה | מדים","NOUN","2146.0","in 037, 044, 052, 073, 074, 076, 235",""
"valve | שסתום | ברז | מסתם | ידית","NOUN","2418.0","in 037, 065",""
"birdstand | perch | מעמד ציפורים | ענף","NOUN","2359.0","in 038",""
"cracker | קרקר","NOUN","2291.0","in 038, 053",""
"bar | בר | פאב | מסבאה | דלפק | חסמי | בלמי","NOUN | IMPERATIVE_VERB","2143.0","in 038, 057",""
"food | snack | אוכל | מזון | מאכל | ארוחה | חטיף | נשנוש","NOUN","2084.0","in 038, 059, 069, 277, 403",""
"blaze | horse | nag | בלייס | סוס | פרש","NOUN","2059.0","in 038, 069",""
"decanter | קנקן","NOUN","2327.0","in 038, 074",""
"alcohol | beer | booze | bourbon | cognac | liquor | wine | אלכוהול | בירה | משקה | משקה חריף | שתייה | בורבון | קוניאק | ליקר | יין","NOUN","2142.0","in 038, 074, 259, 272",""
"fingerprint | טביעת אצבע","NOUN","2333.0","in 038, 074, 407, 410",""
"parrot | polly | תוכי | פולי","NOUN","2253.0","in 038, 238",""
"away | הרחק | רחוק | הלאה ","ADVERB","326.0","in 041",""
"covered | מכוסה | מחופה | עטוי | מוגן | עטוף | מוסתר | מוסווה","ADJECTIVE","537.0","in 041",""
"uncover | חשפי | גלי | ערטלי","IMPERATIVE_VERB","1112.0","in 041",""
"murphy | מיטה מתקפלת","NOUN","2369.0","in 041",""
"bag | sack | שקית | שק | תיק","NOUN","2056.0","in 041, 042",""
"bed | cot | מיטה | משכב |ערש | יצוע | ערסל | עריסה","NOUN","2109.0","in 041, 042, 044, 053, 059, 074, 224, 246, 260, 261",""
"closet | מלתחה","NOUN","2139.0","in 041, 047, 053",""
"cover | כיסוי | עטיפה | כסי | עטפי | חפי | צפי","NOUN | IMPERATIVE_VERB","2147.0","in 041, 057",""
"furniture | רהיט | רהיטים | ריהוט","NOUN","2150.0","in 041, 075, 076",""
"brass | נחושת | פליז | ברזל","ADJECTIVE","503.0","in 042",""
"barrel | keg | חבית","NOUN","2039.0","in 042",""
"boy | ילד | נער | בחור | בן","NOUN","2045.0","in 042",""
"cannon | תותח","NOUN","2316.0","in 042",""
"dressing | לבוש | מתלבשת | מתלבש | לובש","ADJECTIVE","564.0","in 042, 044, 074",""
"vanity | שידה | טואלט","NOUN","2158.0","in 042, 044, 074",""
"colonel | henri | קולונל | הנרי","NOUN","2298.0","in 042, 044, 206, 231, 240, 270, 290",""
"butt | cigar | בדל | סיגר","NOUN","2308.0","in 042, 046, 049, 050, 217, 231, 237, 240, 259, 270, 272, 378, 410",""
"key | מפתח","NOUN","2027.0","in 042, 052, 074, 201",""
"wheelchair | כסא-גלגלים | כיסא-גלגלים","NOUN","2372.0","in 042, 231, 240","איך לקרוא לזה בעברית?
צ: טופל"
"cat | feline | חתול | חתלתול | חתולה","NOUN","2132.0","in 043",""
"vase | אגרטל","NOUN","2344.0","in 043",""
"luggage | suitcase | מטען | מזוודה | כבודה | מזודה","NOUN","2317.0","in 044, 045, 046, 048",""
"wall | קיר | חומה | דופן | כותל","NOUN","2064.0","in 044, 052, 053, 057, 058, 059, 061, 063, 069, 212, 242",""
"change | שני | החליפי | המירי","IMPERATIVE_VERB","1109.0","in 044, 074",""
"wear | לבשי | ענדי | חבשי | הרכיבי | התעטפי | עטי","IMPERATIVE_VERB","1041.0","in 044, 074, 076, 280, 407, 410",""
"fellow | gentleman | guy | man | בחור |חבר | עמית | גבר | ברנש | ג'נטלמן | אדון | איש | אדם","NOUN","2044.0","in 044, 204, 237, 259, 407",""
"diary | יומן","NOUN","2296.0","in 044, 410",""
"toy | צעצוע","NOUN","2058.0","in 045",""
"animal | beast | creature | חיה |בעל חי | מפלצת | יצור | בהמה | בריה","NOUN","2213.0","in 045",""
"dollhouse | בית בובות","NOUN","2374.0","in 045",""
"handkerchief | hanky | ממחטה | מטפחת","NOUN","2188.0","in 045, 047, 230",""
"shelf | מדף","NOUN","2179.0","in 045, 059",""
"doll | בובה","NOUN","2166.0","in 045, 063, 257, 282",""
"ethel | את'ל | אתל","NOUN","2273.0","in 045, 202, 230, 238, 268",""
"out | outer | outside | בחוץ | החוצה | חיצוני","PREPOSITION","207.0","in 046, 058, 059, 061",""
"newel | מדרגות | עמוד","ADJECTIVE","563.0","in 047",""
"post | עמוד | עמדה | דואר","NOUN","2354.0","in 047",""
"bathroom | שירותים | נוחיות | מקלחת | אמבטיה | בית שימוש","NOUN","2204.0","in 047, 053",""
"balcony | railing | מרפסת | יציע | מעקה | גדר","NOUN","2254.0","in 047, 211",""
"blood | bloodstain | דם | כתם דם | כתמי דם","NOUN","2016.0","in 048",""
"stain| כתם | לכלוך","NOUN","2419.0","in 048",""
"notebook | notepad | מחברת | פנקס | דפדפת | פנקס רשימות","NOUN","2047.0","in 048, 276",""
"library | ספריה | ספרייה","NOUN","2290.0","in 049",""
"guest | אורח | אורחת | מבקר","NOUN","2388.0","in 049, 050",""
"eyehole | hole | niche | spyhole | חור מנעול | חור מפתח | חור | עינית | נישה","NOUN","2054.0","in 049, 050, 058, 201",""
"bedroom | חדר שינה","NOUN","2287.0","in 049, 050, 074",""
"parlor | טרקלין | סלון","NOUN","2289.0","in 050, 206",""
"dinosaur | דינוזאור","NOUN","2394.0","in 051",""
"mouse | rat | rodent | עכבר | חולדה | מכרסם | חולד","NOUN","2341.0","in 051, 052, 055, 242",""
"trapdoor ","NOUN","2172.0","in 051, 065","לטפל ב'דלת סתרים'
צ. לכאורה טופל, צריך לוודא במשחק"
"dead | deceased | מת | הרוג | נפטר | מנוח | מתה | הרוגה | נפטרת | מנוחה","ADJECTIVE","526.0","in 052",""
"loose | רופף | חופשי | משוחרר | רפוי | מדולדל","ADJECTIVE","561.0","in 052",""
"bath | bathtub | tub | wringer | אמבטיה | מקלחת | אמבט | מרחץ | גיגית | מסחטה","NOUN","2086.0","in 052",""
"laundry | כביסה | מכבסה","NOUN","2337.0","in 052",""
"equipment | paraphernalia | ringer | ציוד | מכשור | אביזרים | אבזור | צלצלן","NOUN","2340.0","in 052",""
"brick | לבנה | אריח | אבן | אריחים","NOUN","2206.0","in 052, 053",""
"passage | passageway | tunnel | מעבר | מחילה | מערה | מנהרה | מסדרון | תעלה | חפירה","NOUN","2198.0","in 052, 056, 065",""
"nameplate | plaque | plate | לוחית | שלט","NOUN","2281.0","in 052, 057",""
"crowbar | מוט ברזל | לום | מוט","NOUN","2133.0","in 052, 057, 058, 061",""
"pile | ערימה | ערמה | תל","NOUN","2339.0","in 052, 074",""
"beam | rafter | support | timber | קורה | תמיכה | תומכות","NOUN","2195.0","in 052, 242",""
"mud | puddle | בוץ | רפש | טיט | שלולית","NOUN","2043.0","in 052, 382",""
"upstair | למעלה | קומה עליונה","NOUN","2070.0","in 053",""
"couch | divan | sofa | כורסה | כורסא | ספה | דרגש","NOUN","2184.0","in 053",""
"dresser | טואלט","NOUN","2135.0","in 053, 059",""
"butler | jeeves | משרת | רב משרתים | ג'יבס | גיבס","NOUN","2303.0","in 053, 069, 204, 236, 239, 246, 269, 273, 381, 382, 383",""
"flush | שטפי","IMPERATIVE_VERB","1078.0","in 053, 073",""
"toilet | טואלט | אסלה | בית שימוש","NOUN","2208.0","in 053, 073",""
"chain | כבל | חבל | שלשלת | חוט","NOUN","2220.0","in 053, 073",""
"stained | מוכתם | מוכתמת","ADJECTIVE","569.0","in 057",""
"skeleton | שלד","NOUN","2036.0","in 057",""
"casket | coffin | ארון קבורה | ארון מתים","NOUN","2192.0","in 057",""
"vault | כספת | קבר-חצוב | קבר","NOUN","2197.0","in 057",""
"lid | מכסה","NOUN","2221.0","in 057",""
"frances | mary | פרנסס | פרנסיס | מרי","NOUN","2282.0","in 057",""
"s | simon | thomas | tom | ס | סיימון | תומס | תומאס | תום | טום","NOUN","2283.0","in 057",""
"claude | קלאוד | קלוד","NOUN","2284.0","in 057",""
"crouton | family | marie | o'neil | tourte | קרוטון | משפחה | מארי | אוניל | או'ניל | טורט | קרוטונים | הקרוטונים","NOUN","2285.0","in 057",""
"ruby | רובי","NOUN","2309.0","in 057",""
"sarcophagus | סרקופג | גלוסקמה | גלוסקמא","NOUN","2313.0","in 057",""
"off | כבוי | סגור","PREPOSITION","205.0","in 057, 065, 074, 242, 410",""
"lantern | עששית |  פנס","NOUN","2155.0","in 057, 069",""
"latch | lock | מנעול | בריח | נעלי | הבריחי","NOUN | IMPERATIVE_VERB","1024.0","in 057, 201",""
"extinguish | unlight | כבי","IMPERATIVE_VERB","1071.0","in 057, 242, 410",""
"diamond | gem | jewel | pouch | treasure | יהלום | אבן חן | תכשיט | אוצר | פנינה | כיס | נרתיק | שקיק | שק | אמתחת | מטמון","NOUN","2299.0","in 057, 407",""
"pray | worship | התפללי | התחנני | עתרי | העתירי | סגדי | עבדי","IMPERATIVE_VERB","1101.0","in 058",""
"candle | נר","NOUN","2134.0","in 058",""
"board | לוח | קרש","NOUN","2196.0","in 058",""
"bible | תנ""ך | מקרא | תורה | ספר קודש | תנך | כתובים","NOUN","2293.0","in 058",""
"altar | dias | pulpit | מזבח | דוכן | בימה","NOUN","2323.0","in 058",""
"alcove | כוך | גומחה","NOUN","2353.0","in 058",""
"platform | רציף | משטח | בימה | במה | דוכן | פלטפורמה","NOUN","2236.0","in 058, 212",""
"pillow | כרית | כר","NOUN","2148.0","in 059",""
"gumbo | stew | במיה | נזיד | תבשיל | מרק | גמבו","NOUN","2331.0","in 059",""
"carrot | גזר","NOUN","2295.0","in 059, 069",""
" bottle | jar | בקבוק | צנצנת","NOUN","2225.0","in 059, 073",""
"chew | eat | taste | לעסי | נגסי | כרסמי | גרסי | כססי | קססי | אכלי | סעדי | בלעי | טעמי","IMPERATIVE_VERB","1034.0","in 059, 236, 403, 407, 410",""
"lay | lie | נוחי | שכבי","IMPERATIVE_VERB","1054.0","in 059, 246",""
"sleep | שני | הרדמי | נמנמי | לוני | שינה | תרדמה | תנומה | מנוחה","NOUN | IMPERATIVE_VERB","2402.0","in 059, 246",""
"preserver | משמר | שומר | מציל","NOUN","2060.0","in 061",""
"life | חיים","NOUN","2202.0","in 061",""
"anchor | עוגן","NOUN","2263.0","in 061",""
"oar | משוט","NOUN","2403.0","in 061",""
"bit | bridle | harness | reins | רסן | רתמה | ריתמה | מושכות | רסני | רתמי","IMPERATIVE_VERB | NOUN","2087.0","in 061, 069",""
"erase | מחקי","IMPERATIVE_VERB","1117.0","in 063",""
"blackboard | chalk | chalkboard | slate | גיר | צפחה","NOUN","2409.0","in 063, 282",""
"draw | drew | ציירי | איירי | שרטטי","IMPERATIVE_VERB","1116.0","in 063, 407",""
"write | wrote | כתבי | רשמי","IMPERATIVE_VERB","1104.0","in 063, 407, 410",""
"fountain | מזרקה | מעיין | ברזיה | ברזייה","NOUN","2020.0","in 065",""
"square | כיכר | ככר | רחבה","NOUN","2405.0","in 065",""
"mount | ride | רכבי","IMPERATIVE_VERB","1049.0","in 069",""
"guide | lead | הדריכי | הובילי | הנחי | כווני | הנהיגי | נהלי","IMPERATIVE_VERB","1050.0","in 069",""
"saddle | אוכף | אכפי","NOUN | IMPERATIVE_VERB","2347.0","in 069",""
"trough | שוקת | אבוס","NOUN","2348.0","in 069",""
"c | doc | doctor | dr | wilbur | ס| כ | דוק | דוקטור | רופא | ד""ר | ווילבור","NOUN","2301.0","in 069, 220, 237, 256, 264, 384, 402",""
"call | holler | scream | shout | yell | צרחי | זעקי | צווחי | צעקי","IMPERATIVE_VERB","1058.0","in 069, 229, 239",""
"shower | מקלחת | טוש","NOUN","2167.0","in 073",""
"basket | waste | wastebasket | סל | פח | אשפה | סלסלה | סלסילה | זבל | פסולת | פח זבל | פח אשפה | סל אשפה","NOUN","2178.0","in 073",""
"label | תווית | תוית | מדבקה","NOUN","2334.0","in 073",""
"powder | אבקה","NOUN","2335.0","in 073",""
"print | הדפס | תדפיס | דפוס | טביעה | עקבות","NOUN","2338.0","in 073",""
"linen | פשתן | לבנים | מצעים | כלי מיטה","NOUN","2375.0","in 073",""
"towel | מגבת","NOUN","2376.0","in 073",""
"soap | סבון","NOUN","2377.0","in 073",""
"face | פנים | פרצוף","NOUN","2378.0","in 073",""
"medicine | תרופה","NOUN","2386.0","in 073",""
"wastepaper | פסולת נייר","NOUN","2387.0","in 073",""
"garbage | junk | relic | trash | זבל | אשפה | גרוטאה | גרוטאות | פסולת | שריד | שרידים | ענתיקה | ענתיקות","NOUN","2174.0","in 073, 075, 076",""
"flirt | פלרטטי","IMPERATIVE_VERB","1100.0","in 073, 204, 246, 269, 276, 277, 381, 382, 385, 413",""
"cease | stop | הפסיקי | חדלי | עוצר | מפסיק | מפסיקה | להפסיק | לעצור | לחדול","INDICATIVE_VERB","412.0","in 074",""
"swinging | מתנדנד | מתנדנדת","ADJECTIVE","567.0","in 074",""
"downstair | קומה תחתונה","NOUN","2071.0","in 074",""
"attic | עליית גג | עליה | עלייה","NOUN","2171.0","in 074",""
"dormer | חלון גג","NOUN","2141.0","in 074, 076",""
"keyhole | חור מנעול | חור מפתח","NOUN","2083.0","in 074, 201",""
"blossom | bouquet | flower | wildflower | פריחה | פרח | זר | לבלוב | צרור | פרחים | פרח בר","NOUN","2010.0","in 074, 205, 246",""
"fifi | maid | פיפי | עוזרת | מנקה | חדרנית","NOUN","2305.0","in 074, 231, 244, 261, 267, 270, 273, 380, 383","צ: הורדתי את 'משרתת'. יצר באג בשילוב עם  girl, ועם synonym שקיים בחלק מהסקריפטים. ואז קיבלנו fifi=celie"
"music | מוזיקה | מוסיקה | זמרה","NOUN","2163.0","in 074, 407",""
"newspaper | עיתון | עיתונים","NOUN","2120.0","in 075",""
"chest | torso | trunk | תיבה | ארגז | ","NOUN","2136.0","in 075, 076",""
"possession | stuff | thing | רכוש | בעלות | נכס | חפץ | דבר | משהו | סחורה | חפצים","NOUN","2207.0","in 075, 076",""
"hat | כובע | מגבעת","NOUN","2022.0","in 076, 280",""
"cape | coat | jacket | גלימה | שכמיה | מעיל | מקטורן | חלוק | ז'קט | חליפה","NOUN","2176.0","in 076, 280",""
"glove | כפפה | כפפות","NOUN","2177.0","in 076, 280",""
"boot | מגף | מגפיים","NOUN","2190.0","in 076, 280",""
"insignia | סמל | עיטור | דרגה | חותם","NOUN","2330.0","in 076, 280",""
"heel | sole | עקב | סוליה","NOUN","2415.0","in 076, 280",""
"exit | leave | יציאה | צאי | עזבי | פרשי | נטשי | ברחי","IMPERATIVE_VERB | NOUN","1061.0","in 201",""
"people | אנשים | בני אדם | נשים","NOUN","2262.0","in 204, 217, 230, 231, 232, 236, 245, 259, 270, 273, 383",""
"men | גברים","NOUN","2404.0","in 204, 230, 232, 237, 245, 259",""
"fish | דג | דגים | דוגי","NOUN | IMPERATIVE_VERB","2013.0","in 205",""
"weed | עשב","NOUN","2015.0","in 205",""
"bayou | bog | marsh | swamp | ביצה | שפך נהר | אגם | מפרץ | כבול","NOUN","2200.0","in 205",""
" moss | slime | אזוב | טחב | רפש | ריר | טינופת","NOUN","2279.0","in 205",""
"fog | mist | ערפל | אובך","NOUN","2319.0","in 205",""
" hall | hallway | מסדרון | פרוזדור | אולם | היכל","NOUN","2173.0","in 206",""
"entry | entryway | foyer | כניסה | לובי | מבואה","NOUN","2189.0","in 206",""
"kitchen | מטבח","NOUN","2288.0","in 206",""
"road | trail | שביל | מסלול | נתיב | שובל | מסילה | רחוב","NOUN","2094.0","in 207",""
"person | אדם | איש | אישיות | בן אדם | בנאדם","NOUN","2259.0","in 217, 230, 231, 232, 236, 237, 245, 259, 270, 383, 407",""
"rob | seize | snatch | steal | swipe | גנבי | שדדי | גזלי | חמסי | בזזי | החרימי | כבשי | עקלי | השתלטי | חטפי | החליקי | פלחי","IMPERATIVE_VERB","1011.0","in 220, 402, 407",""
"cigarette | סיגריה","NOUN","2311.0","in 223, 232, 233, 249, 258",""
"awaken | wake | waken | עורי | התעוררי | הקיצי","IMPERATIVE_VERB","1076.0","in 224, 261",""
"dry | יבשי","IMPERATIVE_VERB","1108.0","in 229",""
"death | מוות","NOUN","2411.0","in 233",""
"dough | כסף | בצק | עיסה","NOUN","2257.0","in 236",""
"bread | לחם | חלה | פת","NOUN","2271.0","in 236",""
"fling | pitch | throw | toss | השליכי  | זרקי | העיפי | ידי","IMPERATIVE_VERB","1035.0","in 239, 277, 407, 410",""
"ashtray |מאפרה","NOUN","2413.0","in 259",""
"darning | knitting | sock | סריגה | תפירה | גרב | גרביים","NOUN","2406.0","in 266",""
"bullet | כדור | קליע | תרמיל","NOUN","2294.0","in 280, 290, 410",""
"shoot | ירי | קלעי | תירי","IMPERATIVE_VERB","1017.0","in 290, 407",""
"load | טעני","IMPERATIVE_VERB","1103.0","in 290, 410",""
"broken | cracked | שבור | שבורה | מנופץ | מנופצת | מנותץ | מנותצת | מרוסק | מרוסקת | מקולקל | מקולקלת | הרוס | הרוסה | פרוץ | פרוצה | סדוק | סדוקה| מפוצץ | מפוצח","ADJECTIVE","539.0","in 382",""
"spot | מקום | נקודה | מיקום","NOUN","2393.0","in 382",""
"desert | pie | קינוח | עוגה | פשטידה | פאי","NOUN","2407.0","in 403",""
"who | מי | מיהו | מי זה","ADVERB","305.0","in 407",""
"is | זה | הוא | היא","INDICATIVE_VERB","404.0","in 407",""
"bye | הפרדי","IMPERATIVE_VERB","1009.0","in 407",""
"blow | toot | צפרי | שרקי | צפצפי | נשפי | נפחי | תקעי","IMPERATIVE_VERB","1055.0","in 407",""
"program | תכנני","IMPERATIVE_VERB","1118.0","in 407",""
"nose | אף | חוטם","NOUN","2085.0","in 407",""
"lord | master | אדון | אציל | שר | לורד | שליט | מורה | אב | אומן | גביר","NOUN","2185.0","in 407",""
"stump | גדם | גזע","NOUN","2260.0","in 407",""
"kerosene | קרוסין | נפט | בנזין | דלק","NOUN","2332.0","in 407",""
"laura | ליאורה | לאורה | לורה","NOUN","2351.0","in 407",""
"polish | rub | צחצחי | לטשי | הבריקי | מרקי | שפשפי | מרחי | עסי | חככי","IMPERATIVE_VERB","1072.0","in 410",""
"unload | פרקי","IMPERATIVE_VERB","1111.0","in 410",""
"dijon | feels | lastname | prune | sparrow | swansong | דיז'ון | פילס | שם משפחה | פרון | ספרו | סוונסונג | דיזון","NOUN","2302.0","in 413",""
"the | ה","ARTICLE","1.0","",""
"a | א","ARTICLE","2.0","",""
"an | אנ","ARTICLE","3.0","",""
"el | אל","ARTICLE","4.0","",""
"la | ל | לה","ARTICLE","5.0","",""
"los | לוס","ARTICLE","6.0","",""
"and | ו | +","CONJUNCTION","50.0","",""
"or | או","CONJUNCTION","51.0","",""
"nor | או","CONJUNCTION","52.0","",""
"if | אם","CONJUNCTION","54.0","",""
"but | אך | אבל | אלא | ברם","CONJUNCTION","55.0","",""
"it | זה | זהו | זוהי | זו | זאת | זאתי","PRONOUN","100.0","",""
"this | זה | זהו | זוהי | זו | זאת | זאתי","PRONOUN","101.0","",""
"these | אלה | אלו | הללו | הם | אותם | האלה | האלו | ההם","PRONOUN","102.0","",""
"that | זה | זהו | זוהי | זו | זאת | זאתי | ההוא | ההיא","PRONOUN","103.0","",""
"those | אלה | אלו | הללו | הם | אותם | האלה | האלו | ההם","PRONOUN","104.0","",""
"them | הם | הן | אותם","PRONOUN","105.0","",""
"themselves | בעצמם | עצמם | עצמן | בעצמן | לעצמם | לעצמן","PRONOUN","106.0","",""
"him | אותו | הוא | שלו","PRONOUN","107.0","",""
"himself | עצמו | בעצמו | לעצמו","PRONOUN","108.0","",""
"her | שלה | בה  | אותה | היא","PRONOUN","109.0","",""
"herself | עצמה | לעצמה | בעצמה","PRONOUN","110.0","",""
"i | me | myself | אני | שלי | אותי | בעצמי | עצמי | אותי","NOUN","111.0","",""
"he | הוא | שלו","NOUN","112.0","",""
"she | היא | שלה","NOUN","113.0","",""
"they | הם | הן","NOUN","114.0","",""
"ya | you | אתה | את | אתם | אתן","NOUN","115.0","",""
"yourself | אתה | עצמך | בעצמך","NOUN","116.0","",""
"we | אנחנו | אנו | שלנו","NOUN","117.0","",""
"us | שלנו | אנחנו | אנו | אותנו | איתנו | עלינו | אלינו | בנו | בשבילנו","NOUN","118.0","",""
"ourselves | עצמנו | לעצמנו | בעצמנו","NOUN","119.0","",""
"until | עד  | לפני","ASSOCIATION","150.0","",""
"while | כאשר | בעוד | בזמן | בשעה | בעת | כל עוד","ASSOCIATION","151.0","",""
"without | בלי | מבלי | בלעדי | ללא | בלא | אלמלא | לולא","ASSOCIATION","153.0","",""
"onto | לתוך | בתוך","PREPOSITION","204.0","",""
"between | בין | בינות","PREPOSITION","209.0","",""
"ahead | קדימה | הלאה | לפני | ישר | לקראת | ממול","PREPOSITION","214.0","",""
"here | הנה | כאן | פה | לכאן","PREPOSITION","218.0","",""
"there | שם","PREPOSITION","219.0","",""
"everywhere | בכל מקום | בכל עבר | בכל פינה | בכל המקומות | כל מקום","PREPOSITION","220.0","",""
"nowhere | בשום מקום | שום מקום | שומקום","PREPOSITION","221.0","",""
"somewhere | איפה שהוא | איפשהו | היכן שהוא | היכנשהו | אי שם","PREPOSITION","222.0","",""
"forward | קדימה | הלאה","PREPOSITION","223.0","",""
"backward | אחורה | לאחור","PREPOSITION","224.0","",""
"toward | לעבר | לכיוון | לקראת | אל עבר | כלפי | בכיוון","PREPOSITION","225.0","",""
"by | סמוך | בסמוך | לצד | בקרבת | קרוב | בסביבה | באזור | בידי | מאת  | בגלל | באמצעות","PREPOSITION","226.0","",""
"near | ליד | סמוך | בסמוך | לצד | בקרבת | קרוב | בסביבה | באזור","PREPOSITION","227.0","",""
"far | רחוק | הרחק | מרוחק","PREPOSITION","228.0","",""
"of | של","PREPOSITION","229.0","",""
"how | איך | כיצד","ADVERB","300.0","",""
"where | איפה | היכן | לאן","ADVERB","301.0","",""
"when | מתי | ממתי | אימתי | כאשר | בזמן","ADVERB","302.0","",""
"why | למה | מדוע","ADVERB","303.0","",""
"soon | בקרוב | בהקדם | מהר | מוקדם | תכף | תיכף","ADVERB","306.0","",""
"sooner | בקרוב | בהקדם | מהר | מוקדם | תכף | תיכף | מוקדם יותר | יותר מוקדם | במוקדם | מהר יותר | יותר מהר","ADVERB","307.0","",""
"soonest | הכי מוקדם | הכי מהר","ADVERB","308.0","",""
"now | עכשיו | כעת | כרגע | עתה | כיום | היום | הרגע | השניה | מיד","ADVERB","309.0","",""
"late | מאוחר | לאחרונה | אחרון | אחרונה | לאחר | לאחרונה | באיחור | בסוף | סוף","ADVERB","310.0","",""
"later | מאוחר יותר | יותר מאוחר | אחר כך | לאחר מכן | בהמשך","ADVERB","311.0","",""
"latest | אחרון | האחרון | חדש | עדכני | מאוחר","ADVERB","312.0","",""
"fast | quick | quickly | speedy | מהר | מהיר | מהירות | זריז | זריזות | חטוף | חפוז | חפזון | במהרה | קצר | חיש | מיד | מיידית","ADVERB","313.0","",""
"slow | slowly | sluggishly | לאט | איטי | איטיות | לאט לאט | אט אט | בזהירות | בעדינות | בהדרגה","ADVERB","314.0","",""
"normal | נורמלי | רגיל | תקני | תקין | טבעי | שגרתי | סטנדרטי","ADVERB","315.0","",""
"abnormal | strange | חריג | מוזר | משונה | לא נורמלי","ADVERB","316.0","",""
"so | אז | כך | כדי | כל כך | כה | ממש | כזה | מאד | מאוד | לכן","ADVERB","317.0","",""
"again | שוב | מחדש | עוד פעם | עוד הפעם | שנית | בנוסף | פעם נוספת | שוב פעם | מהתחלה","ADVERB","318.0","",""
"always | תמיד | מעולם | לעולם | מאז ומתמיד | כמו תמיד | תמידי","ADVERB","319.0","",""
"never | מעולם לא | לעולם לא | לעולם | אף פעם | בכלל | בחיים","ADVERB","320.0","",""
"then | אז | לאחר מכן | אחר כך | בהמשך | ואז | בהמשך","ADVERB","321.0","",""
"together | יחד | ביחד | יחדיו | בצוותא | במשותף","ADVERB","324.0","",""
"please | בבקשה | אנא | נא | במטותא","ADVERB","325.0","",""
"along | לאורך | במשך | לרוחב | למשך | לצד","ADVERB","327.0","",""
"overboard | מחוץ | החוצה","ADVERB","328.0","",""
"not | לא | ללא | אל | בלי | בלתי | אינו | אינה | אסור","ADVERB","329.0","",""
"almost | כמעט | תכף","ADVERB","330.0","",""
"affirmative | certainly | ok | roger | sure | y | yes | כן | אכן | כמובן | בהחלט | בודאי | בוודאי | בפירוש | אישור | חיובי | ללא ספק | בוודאות | ודאי | בטוח | אין ספק | בסדר | טוב | אוקי | אוקיי | סבבה | יופי | קיבלתי | מאשרת | ברור | בטח | מאד | מאוד | נכון","ADVERB","331.0","",""
"n | negative | no | שלילי | לא | ללא | אין","ADVERB","332.0","",""
"dunno | maybe | possibly | probably | לא יודעת | אולי | שמא | יתכן | כנראה | בערך | ייתכן | ככל הנראה | מן הסתם | קרוב לודאי | כפי הנראה","ADVERB","333.0","",""
"do | עשי | פעלי | עזרי | בצעי | עושה | פועל | פועלת | עוזר | מבצע | מבצעת | לעשות | לפעול | לבצע","INDICATIVE_VERB","400.0","",""
"did | עשה | עשתה | פעל | פעלה | ביצע | ביצעה | לעשות | לפעול | לבצע","INDICATIVE_VERB","401.0","",""
"does | עושה | פועל | פועלת | לעשות | לפעול | לבצע","NOUN | INDICATIVE_VERB","402.0","",""
"be | להיות","INDICATIVE_VERB","403.0","",""
"am","INDICATIVE_VERB","405.0","",""
"are","INDICATIVE_VERB","406.0","",""
"was | היה | היתה | היו","INDICATIVE_VERB","407.0","",""
"bequest | will | ירושה | עיזבון | עזבון | רצון | צוואה | צואה","NOUN | INDICATIVE_VERB","409.0","",""
"would | היה | היו | יהיה | תהיה | היתה | יהיו","INDICATIVE_VERB","410.0","",""
"begin | start | התחלה | להתחיל | לפתוח | פתיחה | תחילה","INDICATIVE_VERB","413.0","",""
"say | לומר | להגיד | לספר | לדבר | לאמר","INDICATIVE_VERB","414.0","",""
"says | אומר | אומרת | מספר | מספרת | כותב | כותבת | מדבר | מדברת | כתוב","INDICATIVE_VERB","415.0","",""
"said | אמרה | אמר | סיפר | סיפרה | דיבר | דיברה","INDICATIVE_VERB","416.0","",""
"have | יש | חייב | להיות | חייבת | צריך | צריכה | חייבים | צריכים","INDICATIVE_VERB","417.0","",""
"has | יש | חייב | להיות | חייבת | צריך | צריכה | חייבים | צריכים","INDICATIVE_VERB","418.0","",""
"had | היה | היתה | היו","INDICATIVE_VERB","419.0","",""
"black | שחור | שחורה | אפל | אפלה | שחרחר | שחרחרה | כהה | קודר | חשוך","ADJECTIVE","500.0","",""
"blue | כחול | כחולה | תכלה | כחלחל | כחולה","ADJECTIVE","501.0","",""
"brown | חום | חומה","ADJECTIVE","502.0","",""
"gold | זהב | זהוב | מוזהב | מוזהבת","ADJECTIVE | NOUN","504.0","",""
"golden | זהב | זהוב | מוזהב | מוזהבת","ADJECTIVE","505.0","",""
"gray | grey | אפור | אפרפר | מואפר | אפורה","ADJECTIVE","506.0","",""
"green | ירוק | ירקרק | ירוקה","ADJECTIVE","507.0","",""
"orange | כתום | כתמתם | כתומה","ADJECTIVE","508.0","",""
"pink | ורוד | ורודה | וורודה | ורדרד","ADJECTIVE","509.0","",""
"purple | סגול | סגולה | סגלגל","ADJECTIVE","510.0","",""
"red | אדום | אדומה | אדמדם","ADJECTIVE","511.0","",""
"silver | כסף | כסוף | מוכסף","ADJECTIVE","512.0","",""
"yellow | צהוב | צהובה","ADJECTIVE","513.0","",""
"white | לבן |  לבנה | לבנבן | צחור","ADJECTIVE","514.0","",""
"flashing | twinkling | מהבהב | מהבהבת | מנצנץ | מנצנצת | מרצד | מרצדת | מבזיק | מבזיקה","ADJECTIVE","515.0","",""
"bright | בהיר | בהירה | מאיר | מאירה | מסנוור | מסנוורת | זוהר | זוהרת | בוהק | בוהקת","ADJECTIVE","516.0","",""
"wooden | מעץ | עץ","ADJECTIVE","517.0","",""
"grabbing | תופס | תופסת | לוקח | לוקחת | חוטף | חוטפת | מביא | מביאה","ADJECTIVE","520.0","",""
"creepy | frightening | scary | spooky | מפחיד | מוזר | מצמרר | מבחיל | מטריד | מגעיל | דוחה | מרתיע | מבהיל | מחריד | ספוקי","ADJECTIVE","521.0","",""
"loud | חזק | רועש | קולני | מרעיש | צעקני | גבוה | רעשני","ADJECTIVE","522.0","",""
"crashing | מתרסק | מתרסקת | מרוסק | מתנפץ | מתמוטט | קורס | מתנפץ","ADJECTIVE","523.0","",""
"craggy | rocky | steep | מסולע | טרשי | מחוספס | מסוקס | סלעי | תלול","ADJECTIVE","524.0","",""
"beautiful | cute | lovely | pretty | חמוד | חמודה | מקסים | מקסימה | מתוק | מתוקה | יפה | יפהפה | יפהפייה | קסום | נהדר | נפלא | מהמם | נאה | נחמד | נחמדה | חתיך | חתיכה | חביב | חביבה | יפיוף | יפיופה","ADJECTIVE","525.0","",""
"french | צרפת | צרפתי | צרפתיה | צרפתיים | צרפתית | צרפתיה","ADJECTIVE","527.0","",""
"greek | יוון | יוונים | יווני | יוונית | יווניה","ADJECTIVE","528.0","",""
"spanish | ספרד | ספרדי | ספרדיה | ספרדים","ADJECTIVE","529.0","",""
"bare | leafless | חשוף | חשופה | יחף | יחפה | ריק | ריקה | שלכת","ADJECTIVE","530.0","",""
"elderly | old | זקן | ישיש | קשיש | מבוגר | זקנה | ישישה | קשישה | מבוגרת","ADJECTIVE","531.0","",""
"my | your | שלי | שלך","ADJECTIVE","532.0","",""
"good | kind | טוב | יפה | מוצלח | מעולה | מצויין | מצוין | בסדר | שווה | חביבה | חביבה | אדיב | אדיבה | נדיב | נדיבה | נחמד | נחמדה","ADJECTIVE","534.0","",""
"bad | evil | mean | vicious | רע | רעה | רשע | רשעית | מרושע | מרושעת | שטן | שטני | שטנית | אכזרי | אכזרית | גרוע | נורא | נוראי | אכזר","ADJECTIVE","535.0","",""
"living | חי | חיה | גר | גרה | מתגורר | מתגוררת","ADJECTIVE","536.0","",""
"spiral | לולייני | לולייניים | מסתחרר | מתפתל | סלילי | ספירלי","ADJECTIVE","538.0","",""
"ripped | torn | קרוע | קרועה | תלוש | תלושה | נתלש","ADJECTIVE","540.0","",""
"hanging | תלוי | תלויה | נתלה","ADJECTIVE","541.0","",""
"young | צעיר | צעירה | צעירים","ADJECTIVE","542.0","",""
"dark | dim | חשוך | קודר | אפל | כהה | עמום","ADJECTIVE","543.0","",""
"forbidding | אסור | עוין | עויין | מסוכן | מאיים","ADJECTIVE","544.0","",""
"storage | store | מחסן | אחסון | מאחסן | איחסון | אחסנה | חנות | מאגר","ADJECTIVE","545.0","",""
"musical | מוזיקלי | מוסיקלי | מוזיקאי","ADJECTIVE","546.0","",""
"colorful | צבעוני | ססגוני","ADJECTIVE","547.0","",""
"glittering | shining | shiny | sparkling | נוצץ | מנצנץ | זוהר | זורח | מאיר | מבריק | בוהק","ADJECTIVE","548.0","",""
"good-looking | handsome | hunky | יפה | חתיך | חתיכה | נאה | נראה טוב | נראית טוב | יפה תואר | יפת תואר | יפהפייה | יפהפה","ADJECTIVE","549.0","",""
"dying | ill | sick | גוסס | חולה | גווע | גוועת | גוססת","ADJECTIVE","550.0","",""
"hideous | ugly | מחריד | מזוויע | מזעזע | מכוער | נורא | נוראי | מכוערת | זוועתי | מבחיל | דוחה | מגעיל | נתעב | גועלי | אכזרי","ADJECTIVE","551.0","",""
"heavy | כבד | כבדה","ADJECTIVE","552.0","",""
"decrepit | poor | run-down | shabby | תשוש  | חלש | רעוע | רקוב | מרופט | מסכן | אומלל | עני | גרוע | עלוב | לקוי | ירוד | מוזנח | בלוי","ADJECTIVE","553.0","",""
"narrow | scrawny | skinny | thin | צר | מצומצם | דחוק | דק | כחוש | צנום | רזה | דל | דליל | קלוש","ADJECTIVE","554.0","",""
"left | שמאל | שמאלה | נותר | נשאר | עזב | יצא","ADJECTIVE","555.0","",""
"round | סיבוב | סביב | עגול | כדורי | מעוגל | מסתובב","ADJECTIVE","556.0","",""
"dirty | מלוכלך | מטונף","ADJECTIVE","558.0","",""
"full | מלא | מלאה | עמוס | עמוסה | גדוש | גדושה | שלם | שלמה | הרבה","ADJECTIVE","559.0","",""
"socket | שקע | תושבת","ADJECTIVE","560.0","",""
"right | ימין | ימינה | ימני | נכון | בסדר | צודק | צודקת | תקין | תקני | בדיוק | ממש | אכן | בטח","ADJECTIVE","562.0","",""
"stuffed | ממולא | מלא | דחוס | מפוחלץ","ADJECTIVE","565.0","",""
"rusty | חלוד | מחליד","ADJECTIVE","568.0","",""
"underground | מתחת לאדמה | תת קרקעי | מחתרתי | מתחת לקרקע","ADJECTIVE","570.0","",""
"dusty | מאובק | מאובקת","ADJECTIVE","571.0","",""
"misty | ערפילי | מעורפל | מסתורי","ADJECTIVE","572.0","",""
"precious | יקר | יקר ערך | בעל ערך | רב ערך","ADJECTIVE","573.0","",""
"watering | משקה | השקיה","ADJECTIVE","574.0","",""
"side | צד | צדדי | צלע | צדי","ADJECTIVE","575.0","",""
"bottom | תחתית | תחתי | תחתון | קרקעית | מרגלות | תחת","ADJECTIVE","576.0","",""
"soggy | רטוב | לח | ספוגי | ספוג","ADJECTIVE","577.0","",""
"muddy | בוצי | עכור","ADJECTIVE","578.0","",""
"laugh | smile | צחקי | חייכי | שמחי | גחכי | התבדחי | צהלי","IMPERATIVE_VERB","1006.0","",""
"dance | רקדי | חוללי | כרכרי","IMPERATIVE_VERB","1014.0","",""
"conceal | hide | הסתירי | העלימי | החביאי | הטמיני | טמני | הסתתרי | התחבאי","IMPERATIVE_VERB","1030.0","",""
"hook | וו | קרס | קולב | מתלה | אנקול","IMPERATIVE_VERB","1031.0","",""
"hum | sing | זמזמי | המהמי | שירי | זמרי | שוררי","IMPERATIVE_VERB","1036.0","",""
"dig | חפרי","IMPERATIVE_VERB","1038.0","",""
"shake | נענעי | התנענעי | נערי | זעזעי | טלטלי | סחטי | הרעידי | התנועעי","IMPERATIVE_VERB","1040.0","",""
"bounce | הקפיצי | קפצי | נתרי","IMPERATIVE_VERB","1044.0","",""
"entice | tempt | פתי | שדלי | הדיחי | הסיתי | גרי","IMPERATIVE_VERB","1047.0","",""
"tickle | דגדגי","IMPERATIVE_VERB","1057.0","",""
"save | שמרי | הצילי | חסכי","IMPERATIVE_VERB","1059.0","",""
"escape | flee | ברחי | המלטי | חמקי | התחמקי | נוסי","IMPERATIVE_VERB","1060.0","",""
"collect | gather | אספי | צברי | קלטי | גבי | כנסי | קבצי |לקטי | גייסי","IMPERATIVE_VERB","1063.0","",""
"create | make | יצרי  | הקימי | בראי | צרי | בני | עשי | הכיני | בצעי","IMPERATIVE_VERB","1064.0","",""
"cure | heal | רפאי | טפלי | החלימי | הבריאי","IMPERATIVE_VERB","1065.0","",""
"laid | lays | השכיבי","IMPERATIVE_VERB","1066.0","",""
"clean | tidy | נקי | רחצי | טהרי | סדרי","IMPERATIVE_VERB","1067.0","",""
"sweep | טאטאי | נקי","IMPERATIVE_VERB","1069.0","",""
"return | חזרי | שובי | החזירי | השיבי","IMPERATIVE_VERB","1070.0","",""
"command | order | צווי | פקדי | שלטי | הזמיני | הורי","IMPERATIVE_VERB","1080.0","",""
"flip | הפכי | העיפי","IMPERATIVE_VERB","1084.0","",""
"wave | נופפי | נפנפי","IMPERATIVE_VERB","1088.0","",""
"undress | התפשטי | התערטלי","IMPERATIVE_VERB","1089.0","",""
"quit | צא | עזבי | נטשי","IMPERATIVE_VERB","1090.0","",""
"restore | שחזרי | שקמי | חדשי","IMPERATIVE_VERB","1092.0","",""
"restart | התחילי מחדש | אתחול","IMPERATIVE_VERB","1093.0","",""
"pause | עצרי | הפסיקי | שתקי","IMPERATIVE_VERB","1094.0","",""
"overtime | האריכי | הארכה | שעות נוספות | תוספת זמן","IMPERATIVE_VERB","1095.0","",""
"loosen | רופפי","IMPERATIVE_VERB","1102.0","",""
"launch | השיקי | שגרי | שלחי | הפעילי","IMPERATIVE_VERB","1115.0","",""
"shore | חוף | גדה | שפה","NOUN","2004.0","",""
"sky | שמים | רקיע | שחקים | מרום","NOUN","2006.0","",""
"grass | lawn | דשא | עשב | עשבים | עשביה | מדשאה | גינה | חצר","NOUN","2007.0","",""
"marble | גולה | שיש","NOUN","2021.0","",""
"pump | משאבה | שאבי | פמפמי | הזרימי | נפחי","NOUN | IMPERATIVE_VERB","2025.0","",""
"magic | voodoo | קסם | כישוף | וודו","NOUN","2028.0","",""
"doorknob | knob | ידית","NOUN","2029.0","",""
"branch | limb | ענף | סניף | הסתעפות | אגף | איבר | גפה","NOUN","2033.0","",""
"bolt | lightning | בורג | בריח | ברק | מנעול","NOUN","2055.0","",""
"charm | scarab | קסם | קמיע | כישוף | קמע | לחש | חיפושית | חרפושית","NOUN","2065.0","",""
"lily | שושן | חבצלת | שושנה","NOUN","2074.0","",""
"pad | כרית | פנקס | משטח | תחבושת | פד  | בלוק | דפדפת","NOUN","2075.0","",""
"lips | mouth | שפתיים | פה | לוע","NOUN","2079.0","",""
"wheel | גלגל | הגה","NOUN","2090.0","",""
"walk | הליכה | טיול | צעידה | הלכי | טיילי | צעדי | פסעי ","NOUN | IMPERATIVE_VERB","2093.0","",""
"acres | estate | grounds | island | plantation | yard | דונמים | אקרים | שטח | מרחבים | רכוש | נכס | עזבון | אדמה | אדמות | שטחים | אי | מטע | חצר | גינה | מגרש","NOUN","2095.0","",""
"mechanism | מנגנון","NOUN","2104.0","",""
"winding | מתיחה | קפיץ","NOUN","2111.0","",""
"mask | visor | מסיכה | מסכה | מסווה | מצחיה | מגן | משקף","NOUN","2113.0","",""
"leg | רגל | רגליים | שוק | שוקיים | כרעיים","NOUN","2114.0","",""
"whistle | משרוקית | שרקי","NOUN | IMPERATIVE_VERB","2115.0","",""
"match | גפרורים | גפרור","NOUN","2117.0","",""
"grandfather | סבא | סב","NOUN","2118.0","",""
"rib | צלע | צלעות","NOUN","2123.0","",""
"thunder | רעם | רעמים","NOUN","2124.0","",""
"dude | חבוב | בחור | גבר | חבר | ברנש","NOUN","2126.0","",""
"chamber | תא | לשכה","NOUN","2129.0","",""
"lighting | תאורה | אור | מאור","NOUN","2131.0","",""
"cooking | בישול | תבשיל | בשלי | אפי | צלי | שלקי | הכיני","NOUN | IMPERATIVE_VERB","2152.0","",""
"cobweb | web | קורי עכביש | קור עכביש | קור | רשת","NOUN","2162.0","",""
"sheet | סדין | סדינים | מצעים | גליון | דף | יריעה | יריעות | ניר | נייר","NOUN","2164.0","",""
"keys | מפתחות","NOUN","2165.0","",""
"tapestry | מארג | אריג | טפט | מרבד","NOUN","2170.0","",""
"miser | כילי | קמצן","NOUN","2180.0","",""
"shovel | spade | את | מעדר | יעה | מגרפה | את חפירה","NOUN","2181.0","",""
"banister | rail | מעקה | מסילה | פס","NOUN","2186.0","",""
"honor | כבוד | הוקרה","NOUN","2187.0","",""
"abyss | chasm | crack | crevice | תהום | תהומות | מצולות | בקיע | סדק | חריץ | נקיק | בקע","NOUN","2199.0","",""
"fruit | פרי | פירות","NOUN","2201.0","",""
"arm | יד | זרוע","NOUN","2205.0","",""
"courtyard | חצר","NOUN","2210.0","",""
"amulet | talisman | קמע | קמיע | תליון","NOUN","2211.0","",""
"bowl | קערה | קערית  | צלחת | אגן | אגרטל","NOUN","2217.0","",""
"thorn | קוץ | דרדר | חוח | חרול","NOUN","2224.0","",""
"padlock | מנעול","NOUN","2226.0","",""
"birdcage | cage | כלוב | כלוב ציפורים","NOUN","2231.0","",""
"pantry | מזווה | מזוה","NOUN","2232.0","",""
"candelabra | פמוט | נברשת","NOUN","2240.0","",""
"wish | תקווה | משאלה | איחול | חלום | רצון | קווי | אחלי | חלמי | רצי | בקשי | בקשה | מאוויה","NOUN | IMPERATIVE_VERB","2241.0","",""
"hill | גבעה | הר","NOUN","2242.0","",""
"all | everything | הכל | הכול | כל | כול | כל דבר","NOUN","2243.0","",""
"kettle | קומקום | דוד | מיחם | יורה | קלחת","NOUN","2245.0","",""
"dress | שמלה | לבוש | מלבוש","NOUN","2248.0","",""
"undressed | עירומה | לא לבושה | עירום","NOUN","2249.0","",""
"mem | גברתי","NOUN","2252.0","",""
"cloud | ענן | עננים | עב | ערפל","NOUN","2258.0","",""
"wallpaper | טפט","NOUN","2261.0","",""
"moon | ירח | לבנה | סהר","NOUN","2264.0","",""
"crumbs | פירורים | פתיתים","NOUN","2265.0","",""
"counter | דלפק | דוכן | שיש","NOUN","2266.0","",""
"star | כוכב","NOUN","2268.0","",""
"night | לילה | ליל | ערב","NOUN","2269.0","",""
"broom | מטאטא","NOUN","2270.0","",""
"inventory | מלאי | חפצים | מצאי | סחורה","NOUN | IMPERATIVE_VERB","2275.0","",""
"ledge | מדף | מעקה | אדן | קצה | זיז","NOUN","2278.0","",""
"nosleep | חוסר שינה | עירנות | ללא שינה","NOUN","2286.0","",""
"soup | מרק | תמחוי | נזיד","NOUN","2292.0","",""
"metal | מתכת | פלדה | ברזל | מתכתי","NOUN","2307.0","",""
"pen | עט | קולמוס","NOUN","2312.0","",""
"item | פריט | חפץ | עצם | מוצר | מצרך | פרט","NOUN","2325.0","",""
"bear | teddy | דוב | דובי | דובון","NOUN","2345.0","",""
"corral | מכלאה | מחצבה","NOUN","2346.0","",""
"bug | cricket | firefly | insect | באג | חרק | פשפש | ג'וק | חיפושית","NOUN","2350.0","",""
"storm | סופה | סערה","NOUN","2352.0","",""
"knickknack | ornament | trinket | חפץ נוי | קישוט | עיטור | תכשיט","NOUN","2355.0","",""
"neck | צוואר | צואר | מפרקת | עורף | גרון","NOUN","2356.0","",""
"elbow | מרפק","NOUN","2357.0","",""
"knee | ברך | ברכיים","NOUN","2358.0","",""
"pencil | עיפרון | עפרון","NOUN","2370.0","",""
"porcelain | חרסינה | פורצלן | חרס","NOUN","2371.0","",""
"nursery | משתלה | פעוטון | מעון | תינוקיה","NOUN","2373.0","",""
"gravel | חצץ","NOUN","2380.0","",""
"iron | ברזל | מתכת | מגהץ","NOUN","2381.0","",""
"floorboard | רצפה | מרצפה | ריצוף | מרצפת","NOUN","2383.0","",""
"twin | תאום | תאומה","NOUN","2391.0","",""
"canopy | חופה | אפריון | גגון | צמרת | כלה","NOUN","2392.0","",""
"francois | pierre | פרנסיס | פרנסס | פרנסואה | פייר","NOUN","2395.0","",""
"claudette | קלאודט | קלודט","NOUN","2396.0","",""
"william | וויליאם | ויליאם","NOUN","2397.0","",""
"sarah | שרה","NOUN","2398.0","",""
"rust | חלודה","NOUN","2408.0","",""
"shadow | צל | צללית","NOUN","2410.0","",""
"perfume | בושם | ניחוח | בשמים","NOUN","2414.0","",""
"leather | עור","NOUN","2417.0","",""
"piece | פיסה | חתיכה | חלק | קטע | נתח | בדל","NOUN","2420.0","",""
"dust | אבק | עפר | חול | אפר","NOUN","2421.0","",""
"0 | o | zero | אפס","NOUN","4000.0","",""
"1 | one | אחד | אחת | ראשון","NOUN","4001.0","",""
"2 | two | שתים | שתיים | שנים | שניים | שני","NOUN","4002.0","",""
"3 | three | שלוש | שלושה | שלושת | שלישי","NOUN","4003.0","",""
"4 | four | ארבע | ארבעה | ארבעת | רביעי","NOUN","4004.0","",""
"5 | five | חמש | חמשת | חמישה | חמישי","NOUN","4005.0","",""
"6 | six |שש | שישה | ששת | שישי ","NOUN","4006.0","",""
"7 | seven | שבע | שבעה | שביעי | שבעת","NOUN","4007.0","",""
"8 | eight | שמונה | שמונת | שמיני","NOUN","4008.0","",""
"9 | nine | תשע | תשעה | תשעת | תשיעי","NOUN","4009.0","",""
"10 | ten | עשר | עשרה | עשרת | עשירי","NOUN","4010.0","",""
"11 | eleven | אחד עשרה | אחד עשר | אחת עשרה | אחת עשר","NOUN","4011.0","",""
"12 | twelve | שנים עשרה | שתים עשרה | שנים עשר | שתים עשר","NOUN","4012.0","",""
"13 | thirteen |שלוש עשרה | שלושה עשר","NOUN","4013.0","",""
"14 | forteen | fourteen | ארבע עשרה | ארבעה עשר","NOUN","4014.0","",""
"15 | fifteen | חמש עשרה | חמישה עשר","NOUN","4015.0","",""
"16 | sixteen | שש עשרה | שישה עשר","NOUN","4016.0","",""
"17 | seventeen | שבע עשרה | שבעה עשר","NOUN","4017.0","",""
"18 | eighteen | שמונה עשרה | שמונה עשר","NOUN","4018.0","",""
"19 | nineteen | ninteen | תשע עשרה | תשעה עשר","NOUN","4019.0","",""
"20 | twenty | עשרים","NOUN","4020.0","",""
"30 | thirty | שלושים","NOUN","4021.0","",""
"40 | forty | ארבעים","NOUN","4022.0","",""
"50 | fifty | חמישים","NOUN","4023.0","",""
"60 | sixty | שישים","NOUN","4024.0","",""
"70 | seventy | שבעים","NOUN","4025.0","",""
"80 | eighty | שמונים","NOUN","4026.0","",""
"90 | ninety | תשעים","NOUN","4027.0","",""
"100 | hunderd | מאה","NOUN","4028.0","",""
"1000 | thousand | אלף","NOUN","4029.0","",""
"1000000 | million | מליון | מיליון","NOUN","4030.0","",""
"unknownnumber | מספר לא ידוע","NOUN","4093.0","",""
"!* | noword","","4094.0","",""
"* | any | anyword | כל | כל מילה | כלשהו |כלשהי","CONJUNCTION | PREPOSITION | ARTICLE | ADJECTIVE | PRONOUN | NOUN | INDICATIVE_VERB | ADVERB | IMPERATIVE_VERB","4095.0","",""
"את","ARTICLE | ADJECTIVE","","",""
"1hebrew1prefix1bet","PREPOSITION | ARTICLE | ADJECTIVE","","",""
"1hebrew1prefix1lamed","PREPOSITION | ARTICLE | ADJECTIVE","","",""
"1hebrew1prefix1mem","PREPOSITION | ARTICLE | ADJECTIVE","","",""
"סתרים | starim","ADJECTIVE","","","עבור trapdoor"
