words,class,group,comments
:* | the,ARTICLE,1,
a,ARTICLE,2,
an,ARTICLE,3,
el,ARTICLE,4,
la,ARTICLE,5,
los,ARTICLE,6,
and | וגם,CONJUNCTION,50,
or | או | ולא,CONJUNCTION,51,
nor | ולא,CONJUNCTION,52,
if | אם,CONJUNCTION,54,
but | אבל,CONJUNCTION,55,
it | זה | זו | זאת,PRONOUN,100,
this | זה | זו | זאת,PRONOUN,101,
these | אלה | הם | אלו | הללו,PRONOUN,102,
that | זה | הוא | הלה,PRONOUN,103,
those | אלה | אלו | הם,PRONOUN,104,
them | אותם | אותן,PRONOUN,105,
themselves | עצמם,PRONOUN,106,
him | אותו | שלו,PRONOUN,107,
himself | עצמו,PRONOUN,108,
her | אותה | שלה,PRONOUN,109,
herself | עצמה,PRONOUN,110,
i | me | myself | אני | עצמי | אנוכי | אנכי,NOUN,111,
he | הוא | זה | הלז | הלה | הלזה,NOUN,112,
she | היא | זו | זאת | הלז | הלה | הלזו,NOUN,113,
they | הם | אלה | אלו,NOUN,114,
ya | you | אתה,NOUN,115,
yourself | עצמך,NOUN,116,
we | אנחנו | אנו,NOUN,117,
us | אנו | אנחנו,NOUN,118,
ourselves | עצמנו,NOUN,119,
until | עד,ASSOCIATION,150,
while | בעוד | בעודו | בעודם | בעודן | בעודי | בעודה | בעודנו,ASSOCIATION,151,
with | עם | באמצעות | בעזרת,ASSOCIATION,152,
without | בלי,ASSOCIATION,153,
for | עבור | בשביל,ASSOCIATION,154,
about | על | בקשר | בנוגע | אודות | לגבי,ASSOCIATION,155,
to | אל,PREPOSITION,200,
from | מאת,PREPOSITION,201,
at,PREPOSITION,202,
on | upon | על,PREPOSITION,203,
onto | לתוך | על,PREPOSITION,204,
off,PREPOSITION,205,
in | inside | into | בתוך,PREPOSITION,206,
out | outer | outside | בחוץ | החוצה,PREPOSITION,207,
below | beneath | under | underneath | תחת | מתחת,PREPOSITION,208,
between | בין | בינות,PREPOSITION,209,
across | מעבר | ממול | מנגד,PREPOSITION,210,
above | over | מעל,PREPOSITION,211,
through | מעבר,PREPOSITION,212,
behind | מאחורי,PREPOSITION | NOUN,213,
ahead | מלפנים | בקדמת | מקדימה | קדימה | לפני,PREPOSITION,214,
back | גב | מאחורי | מאחור,PREPOSITION | ADJECTIVE | NOUN | IMPERATIVE_VERB,215,
front | חזית | פנים | פני | קדימה | מקדימה,PREPOSITION | ADJECTIVE | NOUN,216,
around | סביב | מסביב,PREPOSITION,217,
here | כאן | פה,PREPOSITION,218,
there | שם,PREPOSITION,219,
everywhere | בכל מקום,PREPOSITION,220,
nowhere | בשום מקום,PREPOSITION,221,
somewhere | איפה שהוא | היכן שהוא | איפשהו | איפהשהו | היכנשהו | במקום,PREPOSITION,222,
forward | קדימה,PREPOSITION,223,
backward | אחורה,PREPOSITION,224,
toward | לכיוון | לעבר | אל,PREPOSITION,225,
by | מאת | מטעם,PREPOSITION,226,
of | של,PREPOSITION,229,
how | איך | כיצד,ADVERB,300,
where | איפה | היכן | איה | אין,ADVERB,301,
when | מתי,ADVERB,302,
why | למה | מדוע,ADVERB,303,
what | which | מה | איזה,ADVERB,304,
who | מי,ADVERB,305,
soon | בקרוב | בהקדם | במהרה | תכף | מיד,ADVERB,306,
sooner | מוקדם יותר | מהר יותר,ADVERB,307,
soonest | הכי מוקדם | הכי מהר,ADVERB,308,
now | עכשיו | כעת | הרגע,ADVERB,309,
late | מאוחר,ADVERB,310,
later | יותר מאוחר | אחר כך,ADVERB,311,
latest | הכי מאוחר | אחרון,ADVERB,312,
normal | נורמלי | רגיל | תקין,ADVERB,315,
abnormal | strange | לא נורמלי | חריג | לא תקין | מוזר | משונה,ADVERB,316,
so | אז | כך,ADVERB,317,
again | שוב | עוד פעם | שנית,ADVERB,318,
always | תמיד,ADVERB,319,
never | אף פעם | לעולם לא,ADVERB,320,
then | אז | ואז | לאחר מכן,ADVERB,321,
up | מעלה | למעלה,ADVERB,322,
down | מטה | למטה,ADVERB,323,
together | יחד | ביחד | יחדיו,ADVERB,324,
please | בבקשה | אנא | נא,ADVERB,325,
away | רחוק | הרחק,ADVERB,326,
along | לאורך,ADVERB,327,
overboard,ADVERB,328,
not | לא,ADVERB,329,
almost | כמעט,ADVERB,330,
affirmative | aye | certainly | ok | roger | sure | y | yea | yeah | yep | yes,ADVERB | NOUN,331,
n | nay | negative | no | nope,ADVERB,332,
dunno | maybe | possibly | probably | לא יודע | אולי | יתכן | אפשרי,ADVERB,333,
do,INDICATIVE_VERB,400,
did,INDICATIVE_VERB,401,
does,NOUN | INDICATIVE_VERB,402,
be,INDICATIVE_VERB,403,
are | is | wheres | youre,INDICATIVE_VERB,404,
am | im,INDICATIVE_VERB,405,
was,INDICATIVE_VERB,407,
can,NOUN | INDICATIVE_VERB,408,
will,NOUN | INDICATIVE_VERB,409,
would,INDICATIVE_VERB,410,
go,INDICATIVE_VERB,411,
cease | stop,INDICATIVE_VERB,412,
begin | start | התחל | תתחיל | הנע | תניע,INDICATIVE_VERB,413,
say,INDICATIVE_VERB,414,
says,INDICATIVE_VERB,415,
said,INDICATIVE_VERB,416,
have,INDICATIVE_VERB,417,
has,INDICATIVE_VERB,418,
had,INDICATIVE_VERB,419,
tell,INDICATIVE_VERB,420,
use | השתמש | תשתמש,INDICATIVE_VERB,421,
holler | scream | shout | yell,INDICATIVE_VERB,422,
white | לבן,ADJECTIVE | NOUN,500,
black | שחור,ADJECTIVE | NOUN,501,
green | ירוק,ADJECTIVE | NOUN,502,
gold | זהב,ADJECTIVE | NOUN,503,
silver | כסף,ADJECTIVE | NOUN,504,
orange | כתום,ADJECTIVE | NOUN,505,
blue | כחול,ADJECTIVE,506,
pink | ורוד,ADJECTIVE,507,
purple | סגול,ADJECTIVE,508,
brown | חום,ADJECTIVE,509,
yellow | צהוב,ADJECTIVE,510,
golden | זהוב | מוזהב,ADJECTIVE,511,
red | אדום,ADJECTIVE,512,
grey | אפור,ADJECTIVE,513,
gray | אפור,ADJECTIVE,514,
hard | קשה | חזק | קשיח,ADJECTIVE,515,
famished | hungry | ravenous | starved | starving | רעב | מורעב | גווע,ADJECTIVE,516,
everything | הכל | כל דבר,ADJECTIVE,517,
flashing,ADJECTIVE,518,
grimy | old,ADJECTIVE,519,
absent | lost | missing,ADJECTIVE,520,
live,ADJECTIVE,521,
own,ADJECTIVE,522,
my,ADJECTIVE,523,
his,ADJECTIVE,524,
its,ADJECTIVE,525,
your,ADJECTIVE,526,
our,ADJECTIVE,527,
their,ADJECTIVE,528,
fine | good,ADJECTIVE,529,
another,ADJECTIVE,530,
other,ADJECTIVE,531,
some,ADJECTIVE,532,
young,ADJECTIVE,533,
wet,ADJECTIVE,534,
bad,ADJECTIVE,535,
next,ADJECTIVE,536,
new,ADJECTIVE,537,
important,ADJECTIVE,538,
urgent,ADJECTIVE,539,
nasty,ADJECTIVE,540,
marked,ADJECTIVE,541,
low,ADJECTIVE,542,
glowing,ADJECTIVE,543,
digital,ADJECTIVE,544,
long,ADJECTIVE,545,
real,ADJECTIVE,546,
first,ADJECTIVE,547,
electric | electrical,ADJECTIVE,548,
fat | plump | turgid,ADJECTIVE,549,
little | small | tiny,ADJECTIVE,550,
big | large | massive,ADJECTIVE,551,
all | every,ADJECTIVE,552,
dead | deceased,ADJECTIVE,553,
preceding | previous,ADJECTIVE,554,
naked | nude,ADJECTIVE,555,
crude,ADJECTIVE,556,
faster,ADJECTIVE,557,
slower,ADJECTIVE,558,
steering,ADJECTIVE,559,
shooting,ADJECTIVE,560,
second,ADJECTIVE,561,
both,ADJECTIVE,562,
uniformed,ADJECTIVE,563,
timing,ADJECTIVE,564,
extra | spare,ADJECTIVE,565,
fluorescent,ADJECTIVE,566,
coagulated,ADJECTIVE,567,
single,ADJECTIVE,568,
modular,ADJECTIVE,569,
proper,ADJECTIVE,570,
facial,ADJECTIVE,571,
composite,ADJECTIVE,572,
mr,ADJECTIVE,573,
monitoring,ADJECTIVE,574,
nerve,ADJECTIVE,575,
round,ADJECTIVE,576,
invisibility | הסוואה,ADJECTIVE | NOUN,577,"תרגום לא מדויק, אבל נראה לי מסובך להכניס צמד מילים. נשקול את זה כשנגיע לשם..."
broken | damaged | poked,ADJECTIVE,578,
safety,ADJECTIVE,579,
flying,ADJECTIVE,580,
sharp,ADJECTIVE,581,
seismic,ADJECTIVE,582,
research,ADJECTIVE,583,
jagged | worn,ADJECTIVE,584,
barbed,ADJECTIVE,585,
metallic,ADJECTIVE,586,
retractable,ADJECTIVE,587,
dense,ADJECTIVE,588,
welded,ADJECTIVE,589,
janitorial,ADJECTIVE,590,
security,ADJECTIVE,591,
lime,ADJECTIVE,592,
detention,ADJECTIVE,593,
accounting,ADJECTIVE,594,
thank,IMPERATIVE_VERB,1000,
combat | fight,IMPERATIVE_VERB,1001,
press | push | לחץ | תלחץ | דחוף | תדחוף,IMPERATIVE_VERB,1002,
tp,IMPERATIVE_VERB,1003,
test,IMPERATIVE_VERB,1004,
shoot,IMPERATIVE_VERB,1005,
let | lets,IMPERATIVE_VERB,1006,
tighten,IMPERATIVE_VERB,1007,
explore | frisk | search,IMPERATIVE_VERB,1008,
make,IMPERATIVE_VERB,1009,
fill,IMPERATIVE_VERB,1010,
restart,IMPERATIVE_VERB,1011,
hang,IMPERATIVE_VERB,1012,
feed,IMPERATIVE_VERB,1013,
open | פתח,IMPERATIVE_VERB,1014,
drag | pull | משוך | תמשוך | גרור | תגרור,IMPERATIVE_VERB,1015,
switch,IMPERATIVE_VERB,1016,
feel | pat | pet | poke | polish | rub | stroke | tap | touch,IMPERATIVE_VERB,1017,
lay,IMPERATIVE_VERB,1018,
swing,IMPERATIVE_VERB,1019,
remove | הסר | תסיר,IMPERATIVE_VERB,1020,
unload,IMPERATIVE_VERB,1021,
wipe,IMPERATIVE_VERB,1022,
|חלץ | שלוף | pry,IMPERATIVE_VERB,1023,
attack | kill | murder,IMPERATIVE_VERB,1024,
consume | eat | swallow | taste,IMPERATIVE_VERB,1025,
chug,IMPERATIVE_VERB,1026,
cheat,IMPERATIVE_VERB,1027,
unlock,IMPERATIVE_VERB,1028,
unlatch,IMPERATIVE_VERB,1029,
knock | rap,IMPERATIVE_VERB,1030,
cast | hurl | throw | toss,IMPERATIVE_VERB,1031,
awaken | wake,IMPERATIVE_VERB,1032,
save,IMPERATIVE_VERB,1033,
restore,IMPERATIVE_VERB,1034,
sell,IMPERATIVE_VERB,1035,
flush,IMPERATIVE_VERB,1036,
slide,IMPERATIVE_VERB,1037,
wear | לבש | תלבש | שים | תשים,IMPERATIVE_VERB,1038,"יתכן שנוותר על ""שים"""
uncover,IMPERATIVE_VERB,1039,
happen,IMPERATIVE_VERB,1040,
pray,IMPERATIVE_VERB,1041,
carry,IMPERATIVE_VERB,1042,
transmit,IMPERATIVE_VERB,1043,
damn,IMPERATIVE_VERB,1044,
come,IMPERATIVE_VERB,1045,
follow,IMPERATIVE_VERB,1046,
dig,IMPERATIVE_VERB,1047,
rescue,IMPERATIVE_VERB,1048,
scrape,IMPERATIVE_VERB,1049,
point,NOUN | IMPERATIVE_VERB,1050,
coat | smear | spread,IMPERATIVE_VERB | NOUN,1051,
swim,IMPERATIVE_VERB,1052,
launch,IMPERATIVE_VERB,1053,
type,IMPERATIVE_VERB,1054,
sing,IMPERATIVE_VERB,1055,
board | mount | ride | תרכב,IMPERATIVE_VERB | NOUN,1056,
insert,IMPERATIVE_VERB,1057,
crush | squeeze,IMPERATIVE_VERB,1058,
roll | גלגל | תגלגל,IMPERATIVE_VERB,1059,
ascend | climb | scale | טפס | תטפס | עלה | תעלה,IMPERATIVE_VERB,1060,
describe,IMPERATIVE_VERB,1061,
bury,IMPERATIVE_VERB,1062,
deactivate,IMPERATIVE_VERB,1063,
listen,IMPERATIVE_VERB,1064,
walk,IMPERATIVE_VERB,1065,
crawl,IMPERATIVE_VERB,1066,
unbuckle | unfasten,IMPERATIVE_VERB,1067,
descend,IMPERATIVE_VERB,1068,
dive,IMPERATIVE_VERB,1069,
lower,ADJECTIVE | IMPERATIVE_VERB,1070,
apply,IMPERATIVE_VERB,1071,
expectorate | spit,IMPERATIVE_VERB | NOUN,1072,
rip | tear,IMPERATIVE_VERB,1073,
fly,IMPERATIVE_VERB,1074,
afix | attach | connect | fasten | install | reconnect | secure | splice,IMPERATIVE_VERB,1075,
disconnect,IMPERATIVE_VERB,1076,
buzz,IMPERATIVE_VERB,1077,
signal,NOUN | IMPERATIVE_VERB,1078,
empty,ADJECTIVE | IMPERATIVE_VERB,1079,
rest,ADJECTIVE | IMPERATIVE_VERB,1080,
stand,NOUN | IMPERATIVE_VERB,1081,
slip,NOUN | IMPERATIVE_VERB,1082,
whistle,NOUN | IMPERATIVE_VERB,1083,
erect,NOUN | IMPERATIVE_VERB,1084,
jump,NOUN | IMPERATIVE_VERB,1085,
leap | polevault | vault,IMPERATIVE_VERB,1086,
hold,NOUN | IMPERATIVE_VERB,1087,
grip,NOUN | IMPERATIVE_VERB,1088,
load,NOUN | IMPERATIVE_VERB,1089,
buy | purchase,IMPERATIVE_VERB | NOUN,1090,
order,NOUN | IMPERATIVE_VERB,1091,
play,IMPERATIVE_VERB,1092,
check,NOUN | IMPERATIVE_VERB,1093,
strip,NOUN | IMPERATIVE_VERB,1094,
undress,NOUN | IMPERATIVE_VERB,1095,
cruise,NOUN | IMPERATIVE_VERB,1096,
release,NOUN | IMPERATIVE_VERB,1097,
free | untie,IMPERATIVE_VERB,1098,
smell | sniff | הרח | תריח,IMPERATIVE_VERB | NOUN,1099,
speed,NOUN | IMPERATIVE_VERB,1100,
sip,NOUN | IMPERATIVE_VERB,1101,
drink,NOUN | IMPERATIVE_VERB,1102,
lick,NOUN | IMPERATIVE_VERB,1103,
park,NOUN | IMPERATIVE_VERB,1104,
aid | assist | care | help,IMPERATIVE_VERB | NOUN,1105,
answer,NOUN | IMPERATIVE_VERB,1106,
lie,NOUN | IMPERATIVE_VERB,1107,
latch | lock,IMPERATIVE_VERB | NOUN,1108,
name,NOUN | IMPERATIVE_VERB,1109,
bite,NOUN | IMPERATIVE_VERB,1110,
cut,NOUN | IMPERATIVE_VERB,1111,
slice,NOUN | IMPERATIVE_VERB,1112,
severe | stab,IMPERATIVE_VERB,1113,
kiss,NOUN | IMPERATIVE_VERB,1114,
hug,NOUN | IMPERATIVE_VERB,1115,
code,NOUN | IMPERATIVE_VERB,1116,
deal,NOUN | IMPERATIVE_VERB,1117,
shop,NOUN | IMPERATIVE_VERB,1118,
store,NOUN | IMPERATIVE_VERB,1119,
change,NOUN | IMPERATIVE_VERB,1120,
dress,NOUN | IMPERATIVE_VERB,1121,
pocket,NOUN | IMPERATIVE_VERB,1122,
pay,NOUN | IMPERATIVE_VERB,1123,
face,NOUN | IMPERATIVE_VERB,1124,
crack | line | stripe,NOUN | IMPERATIVE_VERB,1125,
buckle,NOUN | IMPERATIVE_VERB,1126,
dust,NOUN | IMPERATIVE_VERB,1127,
debris | junk,IMPERATIVE_VERB | NOUN,1128,
place,NOUN | IMPERATIVE_VERB,1129,
replace | return,IMPERATIVE_VERB,1130,
escape,NOUN | IMPERATIVE_VERB,1131,
want,IMPERATIVE_VERB,1132,
like,IMPERATIVE_VERB,1133,
wish,NOUN | IMPERATIVE_VERB,1134,
duck,NOUN | IMPERATIVE_VERB,1135,
shake,NOUN | IMPERATIVE_VERB,1136,
garbage | litter | refuse | trash,IMPERATIVE_VERB | NOUN,1137,
read,IMPERATIVE_VERB,1138,
see,IMPERATIVE_VERB,1139,
examine | gaze | inspect | look | observe | peer | scan | stare | view | הבט | הסתכל | תביט | תסתכל | בדוק | תבדוק,IMPERATIVE_VERB | NOUN,1140,
investigate,IMPERATIVE_VERB,1141,
fix | repair | תקן | תתקן,IMPERATIVE_VERB,1142,
acquire | get | grab | obtain | pick | snag | snatch | take | קח | תיקח | השג | תשיג | תקח,IMPERATIVE_VERB,1143,
send | sent,IMPERATIVE_VERB,1144,
freeze | halt,IMPERATIVE_VERB,1145,
shove,IMPERATIVE_VERB,1146,
converse | speak | talk,IMPERATIVE_VERB,1147,
drop | put | set | stash | stow,IMPERATIVE_VERB,1148,
break | damage | destroy | smash | שבור | תשבור | הרוס | תהרוס | מעך | תמעך | תמעוך,IMPERATIVE_VERB,1149,
conceal | hide,IMPERATIVE_VERB,1150,
find | locate,IMPERATIVE_VERB,1151,
activate | הפעל | הדלק,IMPERATIVE_VERB,1152,
sit,IMPERATIVE_VERB,1153,
give | offer | present,IMPERATIVE_VERB,1154,
administer | perform,IMPERATIVE_VERB,1155,
nap | sleep | snooze,IMPERATIVE_VERB,1156,
close | shut | סגור | תסגור,IMPERATIVE_VERB,1157,
breathe | inhale | snort,IMPERATIVE_VERB | NOUN,1158,
write,IMPERATIVE_VERB,1159,
capture | catch,IMPERATIVE_VERB,1160,
interrogate | interview | question,IMPERATIVE_VERB | NOUN,1161,
jog | run,IMPERATIVE_VERB,1162,
buff | shine,IMPERATIVE_VERB,1163,
blow | suck,ADJECTIVE | IMPERATIVE_VERB,1164,
call,IMPERATIVE_VERB,1165,
ask | inquire | request,IMPERATIVE_VERB | NOUN,1166,
chase | pursue,IMPERATIVE_VERB,1167,
wait,NOUN | IMPERATIVE_VERB,1168,
disembark | evacuate | exit | leave,IMPERATIVE_VERB | NOUN,1169,
quit | צא,IMPERATIVE_VERB,1170,
pause,IMPERATIVE_VERB,1171,
unscrew,IMPERATIVE_VERB,1172,
dont,IMPERATIVE_VERB,1173,
disarm,IMPERATIVE_VERB,1174,
beat | hit | kick | pound | punch | slap | stomp | strike,IMPERATIVE_VERB,1175,
fart | leak | pee | piss | urinate,IMPERATIVE_VERB | NOUN,1176,
crap | defecate | dump,IMPERATIVE_VERB,1177,
hoist | lift | raise | הרם | תרים,IMPERATIVE_VERB | NOUN,1178,
display | show,IMPERATIVE_VERB | NOUN,1179,
beg,IMPERATIVE_VERB,1180,
warn,IMPERATIVE_VERB,1181,
blast | disintegrate | vaporize | zap,IMPERATIVE_VERB,1182,
enter | reenter | הכנס | היכנס | תכנס | תיכנס,IMPERATIVE_VERB,1183,
copy | duplicate | photocopy,NOUN | IMPERATIVE_VERB,1184,
bridle,IMPERATIVE_VERB,1185,
charm,IMPERATIVE_VERB,1186,
tie,IMPERATIVE_VERB,1187,
trade,IMPERATIVE_VERB,1188,
melt,IMPERATIVE_VERB,1189,
tilt,IMPERATIVE_VERB,1190,
land,IMPERATIVE_VERB,1191,
turn | סובב | תסובב | הפוך | תהפוך,IMPERATIVE_VERB,1192,
decode,IMPERATIVE_VERB,1193,
lean,IMPERATIVE_VERB,1194,
drive | operate,IMPERATIVE_VERB,1195,
qa,IMPERATIVE_VERB,1196,
reach,IMPERATIVE_VERB,1197,
bend,IMPERATIVE_VERB,1198,
manipulate | move | הזז | תזיז,IMPERATIVE_VERB,1199,
clean,IMPERATIVE_VERB,1200,
tickle,IMPERATIVE_VERB,1201,
cry,IMPERATIVE_VERB,1202,
laugh,IMPERATIVE_VERB,1203,
ass | asshole | cock | cocksucker | cunt | dick | fuck | fucker | motherfucker | prick | pussy | shit | shithead,IMPERATIVE_VERB | NOUN,1204,
backstage,IMPERATIVE_VERB,1205,
pump,IMPERATIVE_VERB,1206,
handle,NOUN,2000,
janitor,NOUN,2001,
calendar,NOUN,2002,
chart,NOUN,2003,
stock,NOUN,2004,
copier,NOUN,2005,
memo,NOUN,2006,
note,NOUN,2007,
mrgarbage | vaporizer,NOUN,2008,
nose,NOUN,2009,
mirror,NOUN,2010,
bar,NOUN,2011,
night,NOUN,2012,
station,NOUN,2013,
keylock | scanner,NOUN,2014,
neck | throat,NOUN,2015,
sierra,NOUN,2016,
aisle | bridge | walkway,NOUN,2017,
repeat,NOUN,2018,
cable | cord | wire,IMPERATIVE_VERB | NOUN,2019,
ortega,NOUN,2020,
pestulon,NOUN,2021,
monolith,NOUN,2022,
burger,NOUN,2023,
phleebhut,NOUN,2024,
cafe | diner | restaurant,NOUN,2025,
craft | cruiser | freighter | hull | rocket | saucer | ship | shuttle | spacecraft | spaceship | vehicle | vessel | חללית | ספינה | מעבורת | גשושית | רכב | טיל,NOUN,2026,
wheel,NOUN,2027,
generator | reactor,NOUN,2028,
ignition,NOUN,2029,
enterprise,NOUN,2030,
mom | mother | אמא,NOUN,2031,
dad | father | אבא,NOUN,2032,
blatz | fester,NOUN,2033,
boy | child | kid | ילד | ילדון | זאטוט,NOUN,2034,
w | west | מערב | מערבה,NOUN,2035,
guard | jailer | סוהר | שומר,NOUN,2036,
waiter | waitress | מלצר | מלצרית,NOUN,2037,
flunky | lackey | minion | pirate,NOUN,2038,
cook | טבח,NOUN,2039,
clerk | employee | לבלר | פקיד | עובד | נציג,NOUN,2040,
oaf,NOUN,2041,
jerk,NOUN,2042,
bystander | controller | person | technician | worker,NOUN,2043,
being,NOUN,2044,
android | arnoid | automaton | battlebot | droid | robot | terminator | רובוט | מחסל | אנדרואיד | דרואיד | רובוטקרב,NOUN,2045,
customer | patron | לקוח | קונה,NOUN,2046,
self | wilco | ווילקו,NOUN,2047,
partner | שותף,NOUN,2048,
friend | חבר | ידיד,NOUN,2049,
crew | crowd | צוות | קהל,NOUN,2050,
folk | people | עם | אנשים,NOUN,2051,
carbon-based | crewman | crewmen | dude | guy | human | man | men | spaceman | spacemen | איש | בחור | ברנש | חבוב | דוד | אנוש | בנאדם | זכר | אדם | בן,NOUN,2052,
bitch | broad | female | girl | lady | slut | whore | woman | דודה | זאתי | בחורה | אישה | אשה | גברת | גבירה | אדונית | חביבה | בת,NOUN,2053,
passenger | thing | traveler | traveller | נוסע | דבר,NOUN,2054,
women | נשים,NOUN,2055,
anybody | anyone | somebody | someone | מישהו | אחד,NOUN,2056,
bye | goodbye | להתראות | סלמאת,NOUN,2057,
hello | hi | howdy | שלום | אהלן,NOUN,2058,
thanks | תודה,NOUN,2059,
rob | steal | swipe,NOUN,2060,
gun | weapon | weapons,NOUN,2061,
stick,NOUN,2062,
area | room | scene | vicinity | אזור | חדר,NOUN,2063,
arena,NOUN,2064,
department | office,NOUN,2065,
chamber,NOUN,2066,
corridor | hall | hallway | passage | passageway,NOUN,2067,
joint,NOUN,2068,
deck | floor | רצפה | ריצפה,NOUN,2069,
dirt | ground | sand | soil | אדמה | קרקע | ארץ,NOUN,2070,
dune | חולית | דיונה,NOUN,2071,
desert | מדבר,NOUN,2072,
stair | staircase | stairway | step | מדרגות | מדרגה,IMPERATIVE_VERB | NOUN,2073,
crumb,NOUN,2074,
lighter | מצת | מצית,NOUN,2075,
die,NOUN,2076,
magic | sorcery,NOUN,2077,
bay | מפרץ,NOUN,2078,
boot | shoe | מגף | נעל,NOUN,2079,
way | דרך,NOUN,2080,
paint | צבע,NOUN | IMPERATIVE_VERB,2081,
bucket | דלי,NOUN,2082,
odor | ריח | סרחון | סירחון,NOUN,2083,
heat | חום,NOUN | IMPERATIVE_VERB,2084,
conveyer | מסוע,NOUN | IMPERATIVE_VERB,2085,
motivator | warp  | מוטיבטור | מניע | פיתול | מנוע הפיתול | מנוע,NOUN,2086,
runway,NOUN,2087,
wave | גל | נופף | נפנף,NOUN | IMPERATIVE_VERB,2088,
wind | רוח,NOUN,2089,
mouth | פה,NOUN,2090,
sun | שמש,NOUN,2091,
weight,NOUN,2092,
cutter,NOUN,2093,
canyon | chasm | crevice | fissure | gorge,NOUN,2094,
console | panel | plate | plates | פנל | שמשה | שימשה | פאנל | שידה | שדה,NOUN,2095,
instrument,NOUN,2096,
control,NOUN | IMPERATIVE_VERB,2097,
pit | shaft | tunnel,NOUN,2098,
love | אהבה | חיבה,NOUN,2099,
accident | תאונה,NOUN,2100,
port | porthole | viewport,NOUN,2101,
none | nothing,NOUN,2102,
bubble,NOUN,2103,
bed,NOUN,2104,
cabinet | file,NOUN,2105,
closet,NOUN,2106,
drawer,NOUN,2107,
key,NOUN,2108,
fuel,NOUN,2109,
door | doorway | hatch | דלת |  כניסה,NOUN,2110,
inventory | מטען | חפצים,NOUN | IMPERATIVE_VERB,2111,לא בטוח לגבי 'חפצים'
inv,NOUN | IMPERATIVE_VERB,2112,
artifact | object | חפץ | עצם,NOUN,2113,
stuff | דברים | חפצים,NOUN | IMPERATIVE_VERB,2114,
crud,NOUN | IMPERATIVE_VERB,2115,
table | שולחן,NOUN,2116,
desk | שולחן,NOUN,2117,
counter | דלפק,NOUN,2118,
capsule | כמוסה | קפסולה,NOUN,2119,
tree | עץ,NOUN,2120,
scope | telescope,NOUN,2121,
pole,NOUN,2122,
anemometer,NOUN,2123,צריך להיות מד רוח. כנראה עדיף עם פאטץ לסקריפט. כשנגיע לשם...
partition | wall,NOUN,2124,
side,NOUN,2125,
ceiling,NOUN,2126,
roof,NOUN,2127,
hamburger | sandwich,NOUN,2128,
knife,NOUN,2129,
bottle,NOUN,2130,
equipment,NOUN,2131,
flesh | skin,NOUN,2132,
hut,NOUN,2133,
elevator,NOUN,2134,
water,NOUN | IMPERATIVE_VERB,2135,
lake,NOUN,2136,
card | keycard,NOUN,2137,
tube,NOUN,2138,
property,NOUN,2139,
wastebasket,NOUN,2140,
waste,NOUN,2141,
hose,NOUN,2142,
furniture,NOUN,2143,
owner,NOUN,2144,
astro | chicken,NOUN,2145,
number,NOUN,2146,
container,NOUN,2147,
pedestal | platform,NOUN,2148,
emergency,NOUN,2149,
base | בסיס,NOUN,2150,
life | חיים,NOUN,2151,
engraving | inscription,NOUN,2152,
star | כוכב,NOUN,2153,
head | ראש | קרקפת,NOUN,2154,
hair | שיער | שער,NOUN,2155,
moon | planet | ירח | כוכב,NOUN,2156,
athletic | jock | jockstrap | supporter,NOUN,2157,
strap | רצועה,NOUN,2158,
circle | מעגל | עיגול,NOUN,2159,
knob | lever | ידית | מנוף,NOUN,2160,
game | משחק,NOUN,2161,
dial | חוגה | חייג,NOUN | IMPERATIVE_VERB,2162,
glass | זכוכית | זגוגית | חלון,NOUN,2163,
gauge | מחון | מחוון | מד | שעון,NOUN,2164,
branch | limb | ענף | זרוע,NOUN,2165,
leaf | עלה,NOUN,2166,
slot | חריץ,NOUN,2167,
cartridge | קלטת | קסטה,NOUN,2168,
airlock,NOUN,2169,
landscape,NOUN,2170,
orat | orat-on-a-stick,NOUN,2171,
matter | חומר,NOUN,2172,
implement | tool,NOUN,2173,
occupant,NOUN,2174,
power,NOUN,2175,
bug | insect | scorpazoid | scorpion | עקרב | עקרבות | חרק | חיפושית | חרפושית,NOUN,2176,
microphone,NOUN,2177,
kerona | keronian,NOUN,2178,
dispenser | holder,NOUN,2179,
milk | חלב,NOUN,2180,
coffee | קפה,NOUN,2181,
tea | תה,NOUN,2182,
detonator | thermal,NOUN,2183,
sarien,NOUN,2184,
animal | beast | creature | monster | חיה | יצור | מפלצת,NOUN,2185,
alien | lifeform | חוצן | חיזר | חייזר,NOUN,2186,
barrier | מחסום | גבול,NOUN,2187,
sector | גזרה | פלח | קטע,NOUN,2188,
author | מחבר | יוצר,NOUN,2189,
translator | מתרגם,NOUN,2190,
headquarters | מפקדה | חמל | חפק,NOUN,2191,
box | case | crate | ארגז | קופסה | קופסא | תיבה | חבילה,NOUN,2192,
dialect | ניב | להג,NOUN,2193,
chest | trunk | תיבה,NOUN,2194,
locker | ארון | ארונית,NOUN,2195,
growth | צמיחה | גדילה,NOUN,2196,
car | hovercraft | hoverwagon | wagon | רכב | מכונית | רחפת | עגלה,NOUN,2197,
cap | hat | כובע | קובע,NOUN,2198,
time | זמן | עת | שעה,NOUN,2199,
body | carcass | corpse | גופה,NOUN,2200,
shark | כריש,NOUN,2201,
helmet | קסדה,NOUN,2202,
podium,NOUN,2203,
lint,NOUN,2204,
ramp | כבש | רמפה,NOUN,2205,
alarm | אזעקה,NOUN,2206,
appendage | arm | hand | paw,IMPERATIVE_VERB | NOUN,2207,
diamond | יהלום,NOUN,2209,
cavity | hole | opening | orifice,NOUN,2210,
unit | יחידה,NOUN,2211,
ball | כדור,NOUN,2212,
carbon | פחמן,NOUN,2213,
basket | סל,NOUN,2214,
tray | מגש,NOUN,2215,
arch | קשת,NOUN,2216,
spider | עכביש,NOUN,2217,
eye | עין,NOUN,2218,
edge | קצה | סף,NOUN,2219,
claw | טופר | ציפורן | שרוט,NOUN | IMPERATIVE_VERB,2220,
instruction,NOUN,2221,
coolant | fluid | liquid | lubricant | propellant,NOUN,2222,
pool | puddle | שלולית | ברכה | בריכה,NOUN,2223,
job | עבודה | משרה | תפקיד,NOUN,2224,
map | מפה,NOUN,2225,
sound | צליל | קול,NOUN,2226,
meter | מד | מדד | מטר,NOUN,2227,
breath | נשימה,NOUN,2228,
heap | mound | pile | ערמה | ערימה,NOUN,2229,
faucet,NOUN,2230,
nozzle | thruster | מדחף,NOUN,2231,
carving | תגליף | גילוף | תחריט,NOUN,2232,
center | middle | מרכז | אמצע,NOUN,2233,
ear | אוזן,NOUN,2234,
plug | פלאג | תקע,NOUN,2235,
lip | teeth | tooth | שפה | שן | שיניים,NOUN,2236,
cabin | cockpit | תא,NOUN,2237,
booth | תא,NOUN,2238,
leg | רגל,NOUN,2239,
ledge,NOUN,2240,
read-out | readout,NOUN,2241,
form | טופס,NOUN,2242,
shirt | חולצה,NOUN,2243,
attire | clothes | clothing | coveralls | outfit | overalls | spacesuit | suit | uniform,NOUN,2244,
eva | flight | galaxy | space | universe,NOUN,2245,
anything | something | משהו,NOUN,2246,
path | מסלול | נתיב,NOUN,2247,
crystal | gem | orium | קריסטל | מרגלית | אוריום,NOUN,2248,
bank | גדה | בנק,NOUN,2249,
decoder | ring | טבעת | מפענח | מפענחת,NOUN,2250,
tile | אריח,NOUN,2251,
cliff | צוק,NOUN,2252,
butte | mountain | plateau | rim | רמה | הר | גבעה | רכס,NOUN,2253,
bottom | תחתית,NOUN,2254,
building | house | shack | structure | בניין | בית | בקתה | מבנה,NOUN,2255,
neon | ניאון | נאון,NOUN,2256,
volcano | volcanoe | געש | וולקנו,NOUN,2257,
lava | magma | לבה | מגמה | מאגמה,NOUN,2258,
cave | cavern | grotto | מאורה | מנהרה | מערה,NOUN,2259,
bomb | פצצה,NOUN,2260,
meat | בשר,NOUN,2261,
description | תיאור,NOUN,2262,
wrist | מפרק | פרק,NOUN,2263,
bin | סל | פח,NOUN,2264,
blood | דם,NOUN,2265,
activator,NOUN,2266,
garage | מוסך,NOUN,2267,
cushion | sofa | ספה | כורסה | כורסא | כרית,NOUN,2268,
kitchen | מטבח,NOUN,2269,
cost | price | מחיר | עלות,NOUN,2270,
tower | מגדל,NOUN,2271,
entrance | כניסה,NOUN,2272,
terminal | מסוף,NOUN,2273,
pack | package | חבילה | אריזה,NOUN,2274,
laser | לייזר,NOUN,2275,
beam | field | force | ray | קרן | קרינה | כוח | כח,NOUN,2276,
frame | מסגרת | מסגר | תחום,NOUN | IMPERATIVE_VERB,2277,
tank,NOUN,2278,
conduit | pipe | pipeline,NOUN,2279,
mice | mouse | rat | rodent | מכרסם | חולדה | עכברוש | עכבר,NOUN,2280,
ladder | סולם,NOUN,2281,
sex | מין,NOUN,2282,
slime,NOUN,2283,
grate | grating | louver | louvre | vent,NOUN,2284,
drain,NOUN,2285,
mask | מסכה | מסיכה,NOUN,2286,
scenery | תפאורה,NOUN,2287,
cloud | ענן,NOUN,2288,
boss | leader | manager | מנהל | מנהיג | בוס | בעלים,NOUN,2289,
shot | זריקה,NOUN,2290,
landing,NOUN,2291,
cog | gear,NOUN,2292,
shift,NOUN,2293,
horn | קרן,NOUN,2294,
ash | אפר,NOUN,2295,
throttle | מצערת,NOUN,2296,
scrap,NOUN,2297,
chunk | fragment | hunk | part | piece | wad,NOUN,2298,
cover | cowling | lid | top | מכסה | כיסוי | עטיפה,NOUN,2299,
position | מיקום | מקם | מקום,NOUN | IMPERATIVE_VERB,2300,
pane | window | windshield | חלון,NOUN,2301,
original | painting | photo | photograph | picture | portrait,NOUN,2302,
shelf | shelves,NOUN,2303,
menu | תפריט,NOUN,2304,
dinner | food | meal | supper,NOUN,2305,
banister | bannister | rail | railing | track,NOUN,2306,
stream,NOUN,2307,
smoke | steam | vapor,IMPERATIVE_VERB | NOUN,2309,
bag | שק | תיק,NOUN,2310,
bill | buck | buckazoid | cash | coin | currency | dollar | money,NOUN,2311,
bullseye | target | מטרה | בול-פגיעה | עין | בול | מרכז,NOUN,2312,
feet | foot | רגל | רגליים,NOUN,2313,
chair | seat | כסא | מושב,NOUN,2314,
credit | אשראי,NOUN,2315,
city | settlement | town,NOUN,2316,
billfold | wallet,NOUN,2317,
crapper | shitter | stool | throne | toilet | urinal,NOUN,2318,
bathroom | john | lavatory | restroom | shithouse | wc,NOUN,2319,
basin | sink,NOUN,2320,
complaint | difficulty | problem | trouble,NOUN,2321,
letter | message | printing | writing,NOUN,2322,
coke | pepsi | soda | קולה | סודה | משקה | גזוז,NOUN,2323,
music | song | מוזיקה | מוסיקה | מנגינה | שיר,NOUN,2324,
prisoner | אסיר,NOUN,2325,
air | oxygen | sky | אויר | אוויר | שמים | חמצן,NOUN,2326,
tip | טיפ | תשר,NOUN | IMPERATIVE_VERB,2327,
compartment,NOUN,2328,
paper | נייר | ניר,NOUN,2329,
keyboard | מקלדת | קלידים,NOUN,2330,
radio,NOUN | IMPERATIVE_VERB,2331,
watch,NOUN | IMPERATIVE_VERB,2332,
pant | pants,NOUN,2333,
comp | computer | crt | monitor | screen,NOUN,2334,
panties | shorts | skivvies | thermoweave | underwear,NOUN,2335,
speaker | רמקול,NOUN,2336,
button | כפתור | כפתר,NOUN | IMPERATIVE_VERB,2337,
wound | פצע,NOUN | IMPERATIVE_VERB,2338,
engine | motor | מנוע,NOUN,2339,
belt | seatbelt |חגורה,NOUN,2340,
gas | methane,NOUN,2341,
boulder,NOUN,2342,
rock | stone,NOUN,2343,
muck | mud | בוץ,NOUN,2344,
rope | חבל,NOUN | IMPERATIVE_VERB,2345,
rack,NOUN,2346,
right | ימין | ימינה,NOUN,2347,
left | שמאל | שמאלה,NOUN,2348,
jet | סילון,NOUN,2349,
finger | fingerprint | אצבע | טביעה | טביעת | טביעת-אצבע,NOUN,2350,
thumb | אגודל | בהן | בוהן,NOUN,2351,
oil | שמן,NOUN,2352,
pressure | לחץ,NOUN,2353,
supply | אספקה,NOUN,2354,
grabber,NOUN,2355,
wreck,NOUN,2356,
device | machine | מכשיר | מכונה,NOUN,2357,
sorry | סליחה | מצטער,NOUN,2358,
antenna | אנטנה | משושה,NOUN,2359,
hell | work,NOUN,2360,
brush | bush | flora | foliage | plant | shrub | vegetation | weed,IMPERATIVE_VERB | NOUN,2361,
burn | fire | flame,IMPERATIVE_VERB | NOUN,2362,
surface | משטח,NOUN | IMPERATIVE_VERB,2363,
lamp | light | spotlight | זרקור | פנס | מנורה | אור | האר,IMPERATIVE_VERB | NOUN,2364,
pair | זוג | צמד,NOUN,2365,
glow | זוהר | זהר,NOUN,2366,
detective | בלש,NOUN,2367,
glove | כפפה,NOUN,2368,
butt | rear | tail | זנב | אחוריים | טוסיק | עכוז | ישבן,NOUN,2369,
iron | metal | steel,NOUN,2370,
cage | cell | jail | prison,NOUN,2371,
postcard,NOUN,2372,
gel | gelatin | gello | jello,NOUN,2373,
lightning,NOUN,2374,
footprint,NOUN,2375,
elmo | president | pug,NOUN,2376,
stage | tanker,NOUN,2377,
bone | skeleton,NOUN,2378,
hosebag | rosella,NOUN,2379,
aluminum | mallard,NOUN,2380,
domino | dominoes | tinker | tinkertoy | toy,NOUN,2381,
leggo | lego,NOUN,2382,
bore,NOUN,2383,
acme,NOUN,2384,
jup | jupiter,NOUN,2385,
bow | bowtie | fighter,NOUN,2386,
scout,NOUN,2387,
pulley,NOUN,2388,
block,NOUN,2389,
tackle,NOUN,2390,
cruncher | crusher | grinder | shredder,NOUN,2391,
snake | נחש,NOUN,2392,
tongue | לשון,NOUN,2393,
overhang,NOUN,2394,
bolt | nut,NOUN,2395,
girder,NOUN,2396,
system,NOUN,2397,
chute | שיפוע | מורד,NOUN,2398,
leech | pod | pustule,NOUN,2399,
north | צפון | צפונה,NOUN,2400,
e | east | מזרח | מזרחה | קדם | קדמה,NOUN,2401,
s | south | דרום | דרומה | נגב | נגבה,NOUN,2402,
toe | בוהן | בהן | אגודל,NOUN,2403,
hill | גבעה,NOUN,2404,
mog,NOUN,2405,
skull | גולגולת,NOUN,2406,
jar,NOUN,2407,
hook,NOUN,2408,
dog | wolf | wolve,NOUN,2409,
scumsoft,NOUN,2410,
soft,NOUN,2411,
scum,NOUN,2412,
pilot | טייס | טיס,NOUN,2413,
banner | flag | pennant,NOUN,2414,
mushroom | פטריה,NOUN,2415,
sheet | גליון | גיליון | סדין | מצעים,NOUN,2416,
support | תמיכה,NOUN,2417,
wing | כנף,NOUN,2418,
grafitti,NOUN,2419,
video | חוזי | וידאו,NOUN,2420,
access | גישה,NOUN,2421,
diagnostic | אבחון | אבחנה,NOUN,2422,
hal,NOUN,2423,
end | סוף | קצה,NOUN,2424,
spaceware | גרוטאה,NOUN,2425,"זה לא תרגום מדויק, אבל הכי טוב שמסתדר לי עם הפארסר. הרעיון הוא ש spaceware זה ""גרוטאות חלל""."
eightprong | eightpronged | pin | pined | prong | pronged,NOUN,2426,
accountant,NOUN,2427,
programmer,NOUN,2428,
protrusion,NOUN,2429,
menace,NOUN,2430,
sign | סימן | אות | אותת | סמן,NOUN | IMPERATIVE_VERB,2431,
complex | מרוכב,NOUN,2432,
whip,NOUN,2433,
pyramid | triangle | פירמידה | משולש,NOUN,2434,
aperture,NOUN,2435,
dome | כיפה,NOUN,2436,
toaster | מצנם | מקלה | טוסטר,NOUN,2437,
rib,NOUN,2438,
mosaic,NOUN,2439,
post,NOUN,2440,
blade | להב | חרב,NOUN,2441,
relic | remnant,NOUN,2442,
prize | פרס,NOUN,2443,
scott,NOUN,2444,
mark,NOUN,2445,
pass,NOUN,2446,
lawn | turf,NOUN,2447,
devil | שד | שטן,NOUN,2448,
jam | polyfoam | toejam,NOUN,2449,
0 | o | zero | אפס | אין,NOUN,4000,
1 | one | אחד | אחת,NOUN,4001,
2 | two | שניים | שתיים | שני | שתי | דו,NOUN,4002,
3 | three | שלוש | שלושה | שלושת | תלת,NOUN,4003,
4 | four | ארבע | ארבעה | ארבעת,NOUN,4004,
5 | five | חמש | חמישה | חמשת,NOUN,4005,
6 | six | שש | ששה | שישה | ששת,NOUN,4006,
7 | seven | שבע | שבעה | שבעת,NOUN,4007,
8 | eight | שמונה | שמונת,NOUN,4008,
9 | nine | תשע | תשעה | תשעת,NOUN,4009,
10 | ten | עשר | עשרה | עשרת,NOUN,4010,
11 | eleven | אחד-עשר | אחת-עשרה,NOUN,4011,
12 | twelve | שנים-עשר | שתים-עשרה,NOUN,4012,
13 | thirteen | שלושה-עשר | שלוש-עשרה,NOUN,4013,
14 | forteen | fourteen | ארבעה-עשר | ארבע-עשרה,NOUN,4014,
15 | fifteen | חמישה-עשר | חמש-עשרה,NOUN,4015,
16 | sixteen | שישה-עשר | ששה-עשר | שש-עשרה,NOUN,4016,
17 | seventeen | שבעה-עשר | שבע-עשרה,NOUN,4017,
18 | eighteen | שמונה-עשר | שמונה-עשרה,NOUN,4018,
19 | nineteen | ninteen | תשעה-עשר | תשע-עשרה,NOUN,4019,
20 | twenty | עשרים,NOUN,4020,
30 | thirty | שלושים,NOUN,4021,
40 | forty | ארבעים,NOUN,4022,
50 | fifty | חמישים,NOUN,4023,
60 | sixty | שישים | ששים,NOUN,4024,
70 | seventy | שבעים,NOUN,4025,
80 | eighty | שמונים,NOUN,4026,
90 | ninety | תשעים,NOUN,4027,
100 | hundred | מאה | מאות,NOUN,4028,
1000 | thousand | אלף | אלפים,NOUN,4029,
1000000 | million | מיליון,NOUN,4030,
unknownnumber | מספר,NOUN,4093,
!* | noword,,4094,
* | any | anyword,CONJUNCTION | PREPOSITION | ARTICLE | ADJECTIVE | PRONOUN | NOUN | INDICATIVE_VERB | ADVERB | IMPERATIVE_VERB,4095,
את,ARTICLE | PREPOSITION,,
1hebrew1prefix1bet,PREPOSITION,,
1hebrew1prefix1lamed,PREPOSITION,,
1hebrew1prefix1mem,PREPOSITION,,
